Body,Mentioned Nouns,Sentiment-Subjectivity,Sentiment-Polarization,Hate Speech Level,Entities
Satire. 100%,Satire,0.0,0.0,,
Sounds like a Law Suit!!!!,,0.0,0.0,,
youtube is trash,"youtube, trash",0.0,0.0,,
Leftist sponsorship smh,"sponsorship, smh",0.6,-0.05,,
"Can he get any stupider?
I say, YES!
More idiocracy coming daily. 
He's no leader, he's a fucking puppet.","he, stupider, idiocracy, He, leader, he, puppet",0.43333333333333335,-0.033333333333333326,,
.....satire flare ?,satire,0.0,0.0,,
"If we let every human who wants a ballot have one, no questions asked, then we will truly be free","we, human, who, ballot, questions, we",0.3333333333333333,0.20000000000000004,,
The question isn‚Äôt whether one state makes it harder to vote than any other state. It‚Äôs whether any state makes it harder to vote for some residents in the state than other residents in the state. It does not. No state has laws that do that. They would instantly be struck down,"one, question, state, it, state, It, state, it, residents, state, residents, state, It, state, laws, They",0.28425925925925927,-0.10092592592592593,,CARDINAL
"Oh good, another leftist who thinks black people are too stupid to vote or get an ID.  The Democratic Party hasn't changed since their slaveholding days.  
  
I coined the term Felix's Law for my observation that as a political discussion grows longer, the probability of a liberal admitting he thinks black people are stupid approaches 1.","The Democratic Party, their slaveholding days, 1, who, people, term, my, observation, discussion, probability, admitting, he, people, approaches",0.5952380952380952,-0.18333333333333332,,"ORG, DATE, CARDINAL"
Didn't the left and media flip out over Pres. Trump saying that NFL players that took a knee should be fired. What a bunch of hypocrites.,"Pres, NFL, media, Trump, players, knee, What, bunch, hypocrites",0.0,0.0,,"GPE, ORG"
"*that's up to the masters*

*uhhhhh*


Please get this man off our world stage lmao like wtf","masters, man, our, world, stage, lmao, wtf",1.0,0.04999999999999999,,
Isn‚Äôt one of his science advisors that fella from My Pillow?,"his, science, advisors, fella, My",0.0,0.0,,
[removed],,0.0,0.0,,
I wonder which golfers get a Jim Eagle on the first hole?,"a Jim Eagle, first, golfers, hole",0.3333333333333333,0.25,,"PERSON, ORDINAL"
Did she have to show ID to run for mayor?,"she, mayor",0.0,0.0,,
[removed],,0.0,0.0,,
"*its up to the masters*



.............



Publicly outspoken black here,


#KISS MY ASS JOE BIDEN FOREAL","its, masters, black, #, MY",0.25,-0.08333333333333333,,
God forbid there are rules at all for elections.,"there, rules, elections",0.0,0.0,,
Fascists,Fascists,0.0,0.0,,
"Uuuhhhhhhhhh, so no more murder trials ever?

Also, wonder what this dude thinks of the trial that the entire nation is watching right now.","murder, trials, what, dude, trial, nation",0.5535714285714285,0.011904761904761899,,
[removed],,0.0,0.0,,
"what the big deal
&gt;     But thou, when thou prayest, enter into thy
&gt;     closet, and when thou hast shut thy door, pray
&gt;     to thy Father which is in secret; and thy Father
&gt;     which seeth in secret shall reward thee openly.
just fake christians and conservatives.","what, deal, gt, thou, thy, gt, closet, hast, thy, door, gt, thy, thy, gt, secret, thee, christians, conservatives",0.6,-0.26,,
"Maybe literacy tests aren't so bad. 

It would stop idiots from voting their own into office.","literacy, tests, It, idiots, their, office",0.8222222222222223,-0.3,,
Coloradoan here: can‚Äôt speak to GA‚Äôs law but it‚Äôs like the state of Colorado wants me to vote...they mail me my ballot and there are 3 drop boxes within a few miles of my house. Can‚Äôt imagine why a state would do anything else...,"Coloradoan, GA‚Äôs, Colorado, 3, a few miles, law, it, state, they, my, ballot, there, drop, boxes, my, house, state, anything",0.1,0.0,,"PERSON, ORG, GPE, CARDINAL, QUANTITY"
"Cool, so murder is just a slap on the wrist now.   Got it","murder, slap, wrist, it",0.65,0.35,,
"I‚Äôm all about boycotting companies you don‚Äôt agree with, and have been downvoted to hell here for saying so.

I hope conservatives start accepting that choosing which companies you support with your dollars isn‚Äôt ‚Äúcancel culture.‚Äù","companies, you, hell, conservatives, companies, you, your, dollars, culture",0.0,0.0,,
You know what else won't bring him back?  Treating these murderers with kid gloves.,"You, what, him, murderers, kid, gloves",0.0,0.0,,
[removed],,0.0,0.0,,
Tell me which Republican politicians are going to take this kind of action,"Republican, politicians, kind, action",0.5,0.35,,NORP
"&gt; Can‚Äôt imagine why a state would do anything else...

To prevent people from stealing ballots from mailboxes, filling them out, and dumping them in the drop boxes?","gt, state, anything, people, ballots, mailboxes, them, them, drop, boxes",0.0,0.0,,
What the actual fuck is happening... this is so disappointing...,"What, fuck",0.4666666666666666,-0.3333333333333333,,
I didn‚Äôt read all of that but it sounds like she wants people trained on the new law,"it, she, people, law",0.2772727272727273,0.16818181818181818,,
This can apply to any violent criminal...ffs DC is a joke.,"DC, criminal, ffs, joke",1.0,-0.8,,GPE
"Ok, but prosecuting them might still discourage others from murdering people.","them, others, people",0.5,0.5,,
I just don‚Äôt think it‚Äôs ok for joggers to kill Uber drivers. Maybe I‚Äôm just old fashioned that way,"it, joggers, drivers, way",0.35,0.3,,
"YouTube, I'm sorely disappointed in you for playing partisan politics.","YouTube, you, politics",0.75,-0.75,,ORG
I wonder if this guy would feel the same way of those two bitches had murdered a member of his family?,"two, guy, way, bitches, member, his, family",0.125,0.0,,CARDINAL
[deleted],,0.0,0.0,,
"Well, is he?",he,0.0,0.0,,
Racist. /s,,0.0,0.0,,
"lol, no.

&gt;purchasing ‚Äúghost guns,‚Äù homemade firearms without serial numbers, to undergo a federal background check. 

Tell me how you can legally transfer a 'ghost gun' under the current law.","ghost, guns, firearms, numbers, background, check, you, ghost, gun, law",0.4333333333333333,0.3333333333333333,,
"It's easier to just turn their double speak on them. 

Like when twitch tried to use Womxn and they were called antiwoman.","It, their, speak, them, twitch, they, antiwoman",0.0,0.0,,
This is still the government denying people the right to freely practice their religion as they want to and that‚Äôs what‚Äôs wrong. Some people don‚Äôt feel comfortable worshipping alone and like to gather so this is the form of worship they probably feel most at ease with. Doesn‚Äôt make them fake dude,"government, people, right, their, religion, they, what, people, form, worship, they, ease, them, dude",0.7559523809523809,0.09761904761904765,,
Could you imagine the coverage this would have if they were both white and men/boys? This would be a 24 hour news story for the next 6-12 months,"24 hour, the next 6-12 months, you, coverage, they, men, boys, news, story",0.0,0.0,,"TIME, DATE"
"Agreed! 

Cancel Culture and Boycotting are two different things. If a person makes a mistake and is cancelled that is silly as no one is perfect and if they self correct or are remorseful then we should allow them grace. However if a company continues to spit on the people that invest and support the Business withdrawing support indefinitely is the only way to to get their attention or even better allow competitors to rise and supplant them.","Cancel Culture, two, things, person, mistake, one, they, we, them, grace, company, people, Business, support, way, their, attention, competitors, them",0.795,0.2,,"WORK_OF_ART, CARDINAL"
"I feel safer already. Thank you for your bold stand Mr President. Idiots, all of them.","you, your, stand, Idiots, them",0.7333333333333334,-0.23333333333333336,,
But that‚Äôs not really satire,,0.2,-0.1,,
"The people are fighting back against the political elite.        

They are testing out various different methods of political and media attacks on Cruz, Gaetz, Desantis, MTG. Notice they are all MAGA Republicans.       


Edit: I just donated $30 to match the poster under me!","MTG, MAGA, Republicans, 30, people, elite, They, methods, media, attacks, Notice, they, poster",0.26,0.0,,"ORG, ORG, NORP, MONEY"
"&gt; The executive order directs local officials to train staff members on voter registration and general information on early, absentee, and in-person voting

Damn, she sure showed us, by directing city employees to...do their jobs?

&gt; and provides that information to residents so they can obtain the identification required to vote.

That information is already provided to residents...

Amid a sea of pointless political posturing, I think we finally have the single most ineffectual proclamation issued by a government official.","gt, order, officials, staff, members, voter, registration, information, absentee, person, voting, she, us, city, employees, their, jobs, gt, information, residents, they, identification, information, residents, sea, posturing, we, proclamation, government, official",0.44479717813051145,0.09206349206349207,,
Guess what race he is? Guess which city would be rioting if the kids were white?,"race, he, city, kids",0.0,0.0,,
"Years, they'd be bringing it up in the 2024 election.","2024, Years, they, it, election",0.0,0.0,,DATE
Any statistics on how often ‚Äúghost guns‚Äù are used in violent crimes? Is this really an attempt at curbing gun violence?,"statistics, ghost, guns, crimes, attempt, gun, violence",0.6,-0.30000000000000004,,
"&gt;The question isn‚Äôt whether one state makes it harder to vote than any other state.

Really, you are going to outright lie to me now? Several articles have been massively upvoted here contradicting hat you are saying.

&gt; It‚Äôs whether any state makes it harder to vote for some residents in the state than other residents in the state. It does not.

You clearly did NOT read the article. ""Georgia‚Äôs new voting law reduces the number of ballot dropboxes to one per 100,000 voters in a county, or one per early voting site, whichever is fewer. For example, if a county has five polling locations but only 300,000 voters, it would only be allowed to have three dropboxes."" 

The intent behind this law is to make it harder for people in urban places to vote. It's super telling that they both limited the number of droboxes, put restrictions on mail in voting, and made it illegal to pass out water. This law does what you say would be struck down.","one, Georgia, one, 100,000, one, five, only 300,000, three, question, state, it, state, you, articles, hat, you, gt, It, state, it, residents, state, residents, state, It, You, article, voting, law, number, ballot, dropboxes, voters, county, voting, site, example, county, polling, locations, voters, it, dropboxes, intent, law, it, people, places, It, they, number, droboxes, restrictions, mail, voting, it, water, law, what, you",0.3887521834890256,-0.042488797751955645,,"CARDINAL, GPE, CARDINAL, CARDINAL, CARDINAL, CARDINAL, CARDINAL, CARDINAL"
So the immigrants life didn‚Äôt matter? I understand now.,"immigrants, life",0.0,0.0,,
"Oh good, another dishonest, rule troll conservative who is posting something that has nothing to do with the article. And getting upvoted for it too.","rule, troll, conservative, who, something, nothing, article, it",0.55,0.19999999999999998,,
"What‚Äôs strange is that even though it‚Äôs intended to be satirical, it‚Äôs more accurate than the actual news.","What, it, it, news",0.3458333333333334,0.21250000000000002,,
Remember when ‚Äústop Asian hate‚Äù was a thing.  Yea that lasted for about 1 week.,"Asian, about 1 week, hate, thing",0.45,-0.4,,"NORP, DATE"
So defund your police department and hire vigilantes to investigate the murders in your area,"your, police, department, vigilantes, murders, your, area",0.0,0.0,,
Well we don't want to be close enough to hear her annoying ass voice anyway.,"we, her, ass, voice",0.7,-0.4,,
Cant have that can we? /s only way they win is by stacking the deck.,"we, way, they, deck",0.7,0.4,,
It‚Äôs a ‚Äúfact check‚Äù since a liberal said it...nothing to see here. /s,"It, fact, check, liberal, it, nothing",0.0,0.0,,
"That‚Äôs the nature of democracy. Total idiots and shallow ideologues WILL have their supporters.

No wonder we see her with that shit-eating grin in this photo.","nature, democracy, idiots, ideologues, their, supporters, wonder, we, her, shit, grin, photo",0.6833333333333332,-0.37777777777777777,,
Seems like an easy solution without having to do anything to them,"solution, anything, them",0.8333333333333334,0.43333333333333335,,
I'm for nobody being allowed near her.,"nobody, her",0.4,0.1,,
Yup. She's hoping communication and training in her community will overcome the unintended consequence of reduced voter turnout from SB 202. Assuming that does end up being a consequence that is.,"SB, 202, She, communication, training, her, community, consequence, voter, turnout, consequence",0.0,0.0,,"GPE, CARDINAL"
‚ÄúChild migrant influx facilities‚Äù,"Child, influx, facilities",0.0,0.0,,
"OK.  Then what's your argument for why you should have to prove who you are when you want to fly on an airplane, drive a car, buy a gun, pick up MLB tickets, buy a beer, or buy a pack of smokes, but not when you want to vote?","MLB, what, your, argument, you, who, you, you, airplane, car, gun, tickets, beer, pack, smokes, you",0.7,0.65,,ORG
If someone would violate her she'd be in a better mood.,"someone, her, she, mood",0.5,0.5,,
"___  race can‚Äôt spell their name or know who they are or read a # on their ID = racist.  

___ race is incapable of getting an ID =  defender of minorities.  

ü§î","_, _, _, race, their, name, who, they, #, their, _, _, race, defender, minorities",0.0,0.0,,
[removed],,0.0,0.0,,
"Crazy, but I thought Wray said Antifa was an ideology and fatty Nadler said it‚Äôs a myth. How could someone be charged with organizing or participating in crimes with a myth?

Could Antifa be real? Maybe my eyes haven‚Äôt been lying to me for the past year as they destroyed 100‚Äôs of millions of dollars of real property?

Pardon the sarcasm, but how long can the left pull this grift and ignore the abuses of Antifa?","Antifa, Nadler, the past year, 100‚Äôs of millions of dollars, Antifa, ideology, fatty, it, myth, someone, crimes, myth, my, eyes, they, property, sarcasm, grift, abuses",0.3642857142857143,-0.10000000000000002,,"PERSON, ORG, DATE, MONEY, NORP"
"Yes!  Thank goodness!  Hopefully they're (staff) also signed up to attend the upcoming summer conference in Belgium on hydration science.  My God.  The number of people that are sure to die otherwise of dehydration, making the pilgrimage across the desert wastes of the State Farm Arena parking lot, with too little water on their camel trains...  

(/s)","summer, Belgium, the State Farm Arena, goodness, they, staff, conference, hydration, science, My, number, people, dehydration, pilgrimage, desert, wastes, parking, lot, water, their, camel, trains, /s",0.46296296296296297,0.0375,,"DATE, GPE, ORG"
Do you want to discuss the article? Or are you going to continue to post troll responses?,"you, article, you, troll, responses",0.0,0.0,,
"It is all he can add, everything else he cant manage without help.","It, he, everything, he, help",0.0,0.0,,
[removed],,0.0,0.0,,
I contributed,,0.0,0.0,,
[removed],,0.0,0.0,,
"Tired of reporting this thread? [Donate to this charity instead](https://secure.givelively.org/donate/prevent-child-abuse-america/prevent-child-abuse-america/r-conservative). Alternatively, [join us on discord](https://discord.com/invite/conservative)

*I am a bot, and this action was performed automatically. Please [contact the moderators of this subreddit](/message/compose/?to=/r/Conservative) if you have any questions or concerns.*","discord](https://discord.com, thread, charity, donate, prevent, child, abuse, america, prevent, child, abuse, america, r, us, invite, bot, action, moderators, subreddit](/message, you, questions, concerns",0.39999999999999997,-0.15000000000000002,,ORG
[deleted],,0.0,0.0,,
Lol yep,Lol,0.7,0.8,,PERSON
"Tough shit. If you want to vote, put the effort into it. Too lazy? Then you don't vote. Wouldn't have to be a thing if there wasn't so much shady shit going on during the Presidential election night.","shit, you, effort, it, you, thing, there, shit, election, night",0.8116666666666668,-0.2577777777777778,,
"I got to love how fundamentally dishonest conservatives are. Here is a good comparison between the two states getting downvoted, unlike the incredibly biased articles that got hundreds of upvotes here.","two, hundreds, conservatives, comparison, states, articles, upvotes",0.65,0.44999999999999996,,"CARDINAL, CARDINAL"
"Now the ""infrastructure"" bill makes sense. It's going toward vacation pay, not our roads and bridges.","infrastructure, bill, sense, It, vacation, pay, our, roads, bridges",0.0,0.0,,
"Well, looking beyond the hypocritical phrasing that annoys me to no end, i think that the current situation is opening people's eyes to the Truth of whats happening on our southern border (now that OMB has been taken out of the equation.) Talking to a leftie the other day they admitted that, prior to the current Biden Border Crisis, they didnt realize that kids HAD to be separated from their parents when the parents crossed illegally...they literally thought family separation was a *choice* that Trump implemented, not a legal mandate. So, idk, im trying to find the silver lining here, any cracks in the large wall of ignorance surrounding the vast majority of liberals is good a good thing, but it all may be too little too late.","Biden Border Crisis, phrasing, end, situation, people, eyes, Truth, what, our, border, equation, leftie, day, they, they, kids, their, parents, parents, they, family, separation, choice, mandate, idk, silver, lining, cracks, wall, ignorance, majority, liberals, thing, it",0.42529761904761904,0.07514880952380952,,ORG
"Felix's Law.  The best case scenario here is that you think ""people in urban places"" (and we all know what you mean) are too stupid to find a ballot drop box, too stupid to take advantage of 17 days of early voting, and even too stupid to buy a bottle of water.  
  
That's the *best* case scenario, but I think we all know your real motive is making it easier to steal elections.","17 days, case, scenario, you, people, places, we, what, you, ballot, drop, box, advantage, voting, bottle, water, case, scenario, we, your, motive, it, elections",0.5430555555555555,-0.04583333333333331,,DATE
[removed],,0.0,0.0,,
"I'm not listening to any of their fake news stories about Gaetz, until charges are brought.  I've seen this exact pattern of lies from the media for 4 years under Trump. Well 6 years of you count the run up to election.","Gaetz, 4 years, Trump, 6 years, their, news, stories, charges, pattern, lies, media, you, run, election",0.625,-0.125,,"PERSON, DATE, PERSON, DATE"
"Kyle Rittenhouse was the same age and he is charged as an adult with multiple counts of murder, for shooting people **who were trying to kill him**.","Kyle Rittenhouse, age, he, adult, counts, murder, people, who, him",0.14166666666666666,0.03333333333333333,,PERSON
I thought monuments were racist.,monuments,0.0,0.0,,
Well that applies to every murder so....just let them go?,"murder, them",0.0,0.0,,
Does she even know what invasion of privacy means...,"she, what, invasion, privacy",0.0,0.0,,
"I *am* discussing the article.  The article implies it's some heinous burden to ""show a form of photo identification"" when voting.  So why do you think photo ID should be required for flying, driving, buying a gun, getting a beer, getting cigarettes, etc. but not for voting?","article, article, it, burden, form, photo, identification, you, photo, gun, beer, cigarettes",0.0,0.0,,
There‚Äôs more to it than just voter ID,"There, it, voter",0.5,0.5,,
Yeah like Gym Jordan. Those kids where Antifa plants!!,"Gym Jordan, Antifa, kids",0.0,0.0,,"PERSON, NORP"
It's a slap on the wrist if you look the right way,"It, slap, wrist, you, way",0.5357142857142857,0.2857142857142857,,
[removed],,0.0,0.0,,
Ummm!!!!  Exactly!  Let‚Äôs see how the left would feel about charging Rittenhouse as a minor.  The hypocrisy is insane.  Such a double standard.,"Ummm, Rittenhouse, ‚Äôs, left, minor, hypocrisy, standard",0.2785714285714286,-0.10535714285714286,,"GPE, ORG"
This is a great point that I have not been seeing. I will push this comparison forwards for the good fight. Thank you.,"point, comparison, fight, you",0.675,0.75,,
"Here‚Äôs an interesting article about MAGA:

https://getpocket.com/explore/item/the-five-universal-laws-of-human-stupidity?utm_source=pocket-newtab","MAGA, article",0.5,0.5,,ORG
"So what you are saying is the correct response to shady shit is to target democrat party voters? That's what this does. Urban areas are much more likely to vote Democrat, and this is designed to make it harder for people in urban areas to vote.","democrat, Democrat, what, you, response, shit, party, voters, what, areas, it, people, areas",0.4178571428571428,-0.007142857142857145,,"NORP, NORP"
I doubt anyone wants to be near her üòÇ,"anyone, her, üòÇ",0.25,0.15000000000000002,,
"Next up will be reversing course on the pipeline ban and the corporate tax hikes. Unfortunately, the Democrats have to learn the hard way which means that people will have to suffer first.","Democrats, first, course, pipeline, ban, tax, hikes, way, people",0.37499999999999994,-0.10833333333333335,,"NORP, ORDINAL"
This guy makes Marcia Clark look like Atticus Finch.,"Marcia Clark, Atticus Finch, guy",0.0,0.0,,"PERSON, FAC"
"&gt; That's the best case scenario, but I think we all know your real motive is making it easier to steal elections.

I see, you are a bigot. Get lost troll.","gt, case, scenario, we, your, motive, it, elections, you, bigot, troll",0.30000000000000004,0.6,,
What story?,story,0.0,0.0,,
"Right.  But this will cost 3x as much, then there is the voting law in Atlanta, and Texas, and the cops, oh the cops. And masks. Masks are a needed something with the covid, c'mon man... they are fixing the thing","3x, Atlanta, Texas, there, voting, law, cops, cops, masks, Masks, something, covid, man, they, thing",0.3678571428571429,0.24285714285714285,,"CARDINAL, GPE, GPE"
"It's not even a double standard. One is a case of self defense. The other is a brutal case of first degree murder, a murder in the commission of a robbery.       

What the actual fuck. First degree murder of an innocent man committed openly on the street in the middle of the afternoon. Juvenile probation????","One, Juvenile, It, standard, case, self, defense, case, degree, murder, murder, commission, robbery, What, fuck, degree, murder, man, street, middle, afternoon, probation",0.34930555555555554,-0.05416666666666666,,"CARDINAL, PERSON"
"Some people don't feel comfortable getting covid-19.  This sub is full of christian conservative claimers, but only really believe in the GQP.  What christian would vote for trump, lol.  A FAKE ONE, duh.  All lip-service.","covid-19, christian, GQP, people, sub, claimers, What, christian, trump, lip, service",0.5388888888888889,0.10555555555555556,,"PERSON, NORP, ORG"
"""The cross-examination of Nicole MacKenzie, the state‚Äôs medical care training expert, was so bad that the defense plans to re-call MacKenzie as a defense witness.""

Wow.","Nicole MacKenzie, MacKenzie, cross, -, examination, state, care, training, expert, defense, defense, witness",0.5555555555555555,-0.19999999999999996,,"PERSON, PRODUCT"
No there isn't.  The crux of the matter is whether there should be any sort of standard for verifying the vote is being cast by the actual voter.,"there, crux, matter, there, sort, standard, vote, voter",0.05,0.0,,
"The reason they want to limit mail in ballots is because it‚Äôs ripe for fraud. Here‚Äôs Jerry Nadler of the Democrats to tell you that himself. 

https://youtu.be/HoHDxiANFM4

Mail in ballots were a massive no no before they wanted to oust Trump.","Jerry Nadler, Democrats, Trump, reason, they, mail, ballots, it, fraud, you, himself, ballots, they",1.0,0.0,,"PERSON, NORP, ORG"
"You're the one who thinks ""people in urban place"" are too dumb to bring a bottle of water with them.","You, who, people, place, bottle, water, them",0.25,-0.1875,,
"&gt;To prevent people from stealing ballots from mailboxes

To really prevent that you gotta figure out how they're pulling it off. They can't just be walking around opening mailboxes and hoping there's a ballot in it; that's too conspicuous and you'd never get enough ballots. Somehow these people know:

* Which house is getting a ballot
* When the ballot gets delivered
* That they have clandestine access to the mailbox during the window between when it's delivered and the resident checks the mail
* That the resident wasn't already going to vote for their preferred candidate anyway
* That the resident won't report that the ballot didn't arrive

They're getting that information from somewhere and until we can cut off whatever sleazy backchannel they're getting it from, they'll be getting away with this for a while.","people, ballots, mailboxes, you, they, it, They, mailboxes, there, ballot, it, you, ballots, people, house, ballot, ballot, they, access, mailbox, window, it, resident, mail, resident, their, candidate, resident, ballot, They, information, we, backchannel, they, it, they, while",0.35,0.1,,
How the AF do these fopdoodles make it ‚Äúbig‚Äù with such simple minds? Only in America can proper nutters and loons become millionaires.,"AF, America, fopdoodles, it, minds, nutters, loons, millionaires",0.41142857142857137,0.0,,"ORG, GPE"
[deleted],,0.0,0.0,,
"That was just the first paragraph, lol the whole article is a big WOW","first, WOW, paragraph, article",0.5066666666666666,0.27,,"ORDINAL, ORG"
"well, the logic used ""it wont be bring anyone back"" is of course flawed.  why not apply that to every situation and hand every one a 5 year sentence for murder?

what we all seek is consistency. for underage people this can get difficult.  regardless of age, it seems totally wrong to release any minor at the age of 21. 

maybe the middle ground is that the minor is held in a juvi facility, and when they turn 21, they have to serve an additional 10 years minimum in a low security facility.  

but if this actually happens, and i was part of the victims family, i might want to visit the monsters that killed my relative when they are released. have a conversation.","5 year, the age of 21, 21, an additional 10 years, logic, it, anyone, course, situation, sentence, murder, what, we, consistency, people, age, it, ground, minor, juvi, facility, they, they, security, facility, part, victims, family, monsters, my, relative, they, conversation",0.29090909090909095,-0.16363636363636364,,"DATE, DATE, DATE, DATE"
[removed],,0.0,0.0,,
[deleted],,0.0,0.0,,
"The bill, known as SB 202, gives state-level officials the authority to usurp the powers of county election boards ‚Äî allowing the Republican-dominated state government to potentially disqualify voters in Democratic-leaning areas. It criminalizes the provision of food and water to voters waiting in line, in a state where lines are notoriously long in heavily nonwhite precincts. It requires ID for absentee ballots and limits the placement of ballot drop boxes.

An analysis of data collected by Georgia Public Broadcasting and ProPublica found a significant disparity in who had to wait the longest: The average wait time after the 7 p.m. scheduled poll-closing time was 51 minutes in polling places that were 90% or more non-White. But it was just six minutes in polling places where 90% of the voters were White.

Voting rights advocates say that makes it all the more troubling that Georgia's law now makes it a misdemeanor to approach a voter in line to provide food or water.

-Voting hours and drop boxes

The law now requires officials to house drop boxes for absentee ballots inside early voting locations, which limits their usefulness. The law also specifies that early voting hours must run from 9 a.m. to 5 p.m., but it gives county registrars the flexibility to extend hours to 7 a.m. to 7 p.m.

Voting advocates argue that Black voters are more likely to work multiple jobs than Georgians of other races and limiting their access to drop boxes closes off yet another avenue to the franchise.

Voter challenges

The law says any Georgian can challenge the voting eligibility of an unlimited number of voters. Activists say this will make it to easier for conservative groups to attempt to purge large groups of Black voters or others they think will support Democrats.

Attempts to challenge voters' eligibility are not new. Ahead of January US Senate runoffs, Texas-based conservative organization True the Vote paired up with the Georgia Republican Party and tried to challenge more than 360,000 Georgia voters that it said may have changed addresses. Most counties declined to take up the matter.

Georgia's law adds a new provision that allows the State Elections Board to sanction counties that refuse to comply with the provision allowing unlimited challenges.

Some sources :

https://www.vox.com/22352112/georgia-voting-sb-202-explained

https://publicintegrity.org/politics/elections/ballotboxbarriers/analysis-voter-suppression-never-went-away-tactics-changed/

Just to clear some info up (not speaking for all Georgians, just family and friends from hometown) there‚Äôs not a real problem with voter IDs among people. (You might‚Äôve seen the article floating around conservative   https://www.washingtonexaminer.com/news/poll-75-percent-americans-support-voter-ID )

A small hassle but sure whatever is the general response and most people already have a ID. This is a narrative created to combat what the real issue is. The problem is the voting hours, (people get off work at 5PM why close polling locations at 5PM? That‚Äôs sketch) , trying to stop souls to the polls (again what is wrong going to vote with your church family?), obviously making water illegal to handout. I don‚Äôt believe for one a second a person who is determined to wait in line for hours in this Georgia humid heat would be easily swayed to vote for the other candidate because he/she got a bottle of water. Everyone in GA (Atlanta/Savannah/Macon/mostly) knows how long it is to vote and usually comes prepared to wait for some time. Do you think that their minds could be changed when they already decided to vote for their candidate with the knowledge of the long lines?

Let‚Äôs be realistic here. Again. No one here (GA) really cares about voter ID that‚Äôs easy and simple and most people already have a valid form of ID. It‚Äôs the other things in the bill. 

You can‚Äôt seriously think a bill with as many pages as 300 is simply for voter ID.","Republican, Democratic, Georgia Public Broadcasting, ProPublica, 7 p.m., 51 minutes, just six minutes, White, Georgia, hours, early voting hours, 9 a.m. to 5 p.m., hours to 7 a.m. to 7 p.m., Georgians, Voter, Georgian, Democrats, January, US Senate, Texas, the Georgia Republican Party, more than 360,000, Georgia, Georgia, the State Elections Board, Georgians, the voting hours, 5PM, one, second, hours, Georgia, GA, Atlanta, Macon, 300, bill, state, level, officials, authority, powers, county, election, boards, state, government, voters, areas, It, provision, food, water, voters, line, state, lines, precincts, It, absentee, ballots, placement, ballot, drop, boxes, analysis, data, disparity, who, time, poll, closing, time, polling, places, it, places, voters, Voting, rights, advocates, it, law, it, misdemeanor, voter, line, food, water, -Voting, drop, boxes, law, officials, house, drop, boxes, absentee, ballots, voting, locations, their, usefulness, law, it, county, flexibility, advocates, voters, jobs, races, their, access, boxes, avenue, franchise, law, voting, eligibility, number, voters, Activists, it, groups, groups, voters, others, they, voters, eligibility, runoffs, organization, Vote, voters, it, addresses, counties, matter, law, provision, sanction, counties, provision, challenges, sources, info, family, friends, hometown, there, problem, voter, IDs, people, You, article, hassle, response, people, narrative, what, issue, problem, people, work, polling, locations, souls, polls, what, your, church, family, water, person, who, line, humid, heat, candidate, he, she, bottle, water, Everyone, it, time, you, their, minds, they, their, candidate, knowledge, lines, ‚Äôs, one, voter, people, form, It, things, bill, You, bill, pages, voter",0.46092021404521405,0.08644029581529582,,"NORP, NORP, ORG, PRODUCT, TIME, TIME, TIME, PERSON, GPE, TIME, TIME, TIME, TIME, NORP, PERSON, NORP, NORP, DATE, ORG, GPE, ORG, CARDINAL, GPE, GPE, ORG, NORP, TIME, CARDINAL, CARDINAL, ORDINAL, TIME, GPE, GPE, GPE, GPE, CARDINAL"
"Is this the gun that the ghost busters use? 

Good, ghost lives matter.","gun, ghost, busters, Good, ghost",0.6000000000000001,0.7,,
[removed],,0.0,0.0,,
"Tired of reporting this thread? [Donate to this charity instead](https://secure.givelively.org/donate/prevent-child-abuse-america/prevent-child-abuse-america/r-conservative). Alternatively, [join us on discord](https://discord.com/invite/conservative)

*I am a bot, and this action was performed automatically. Please [contact the moderators of this subreddit](/message/compose/?to=/r/Conservative) if you have any questions or concerns.*","discord](https://discord.com, thread, charity, donate, prevent, child, abuse, america, prevent, child, abuse, america, r, us, invite, bot, action, moderators, subreddit](/message, you, questions, concerns",0.39999999999999997,-0.15000000000000002,,ORG
"Funny what ""under oath"" brings out. No more pretty white lies, vague inferences ot bold assumptions now that there are actual repercussions for spouting off garbage. The rules are different in the courtroom, what once was viable in clown world wont fly anymore. Just facts, and that helps the defence. The only solid play the prosecution has is emotion and, unfortunately, too many people heed emotion before logic.","what, oath, lies, inferences, assumptions, there, repercussions, garbage, rules, courtroom, what, world, facts, defence, play, prosecution, emotion, people, emotion, logic",0.6051282051282051,0.06794871794871794,,
You mean Mein Pillow?,You,0.6875,-0.3125,,
It's amateur hour.  I'm picturing the stuttering defense attorney that wasn't Joe Pesci in My Cousin Vinny in court for the state.,"amateur hour, Joe Pesci, My Cousin Vinny, It, stuttering, defense, attorney, court, state",0.25,-0.25,,"TIME, PERSON, FAC"
What does this have to do with Trump..ah the type that can‚Äôt live in a world without trump to trash on. Ten years from now he will comment on anyone he disagrees with and call them a trumpster even though they don‚Äôt even know what he‚Äôs talking about. May as well be CNN. Bet his ratings are going down too.,"Trump, Ten years from now, CNN, What, type, world, trump, he, anyone, he, them, trumpster, they, what, he, his, ratings",0.262962962962963,-0.006397306397306411,,"PERSON, DATE, ORG"
And what Christian would vote for Biden? so since there were 2 terrible people to choose from should they just not choose or flip a coin? Saying they can‚Äôt exercise their freedom of choice is stupid. And that also a terrible defense. Just because someone is not up to certain theological ideals doesn‚Äôt mean they are bad for the job. Look what Biden has done in 2 months compared to what trump did with 4 and use that as a measure rather than how Christian someone is buddy.,"Christian, Biden, 2, Biden, 2 months, 4, Christian, what, there, people, they, coin, they, their, freedom, choice, defense, someone, ideals, they, job, what, trump, measure, someone, buddy",0.6156994047619048,-0.44977678571428564,,"NORP, PERSON, CARDINAL, PERSON, DATE, CARDINAL, NORP"
"Dont the urban areas still have 17 days of early voting ü§î wtf are you even talking about man, seriously","17 days, ü§î, areas, voting, wtf, you, man",0.4916666666666667,-0.18333333333333335,,"DATE, PERSON"
"Helps to read the article. It's not really talking about boycotts. It's talking about weaponizing government agencies against political opponents, a leftist specialty. Of course they own the gov't agencies, and the same corporations that own the Ds also own the Rs, so it's kind of a fait accompli at this point.","article, It, boycotts, It, government, agencies, opponents, specialty, they, agencies, corporations, Rs, it, fait, accompli, point",0.6156250000000001,0.28125,,
Wrong sub?,sub,0.9,-0.5,,
She is welcome to socially distance herself from the so called unwashed masses and no one would miss her for it.,"She, herself, masses, one, her, it",0.48333333333333334,0.4166666666666667,,
No on My Pillow but Yes on Flex Tape guy.,"Flex Tape, My, guy",0.0,0.0,,PERSON
In fairness it would take a miracle for any lawyer to make a case here.,"fairness, it, miracle, lawyer, case",0.0,0.0,,
Could you sell a homemade firearm in a cash and carry state legally? Asking for a friend.,"you, firearm, cash, state, friend",0.2,0.2,,
"Why would she be afraid if she has the vaccine protecting her?  On the other hand, would be a great way to mess with her though..","she, she, vaccine, her, hand, way, mess, her",0.5499999999999999,-0.02499999999999998,,
"Crowder covered this today. The prosecutions own witnesses completely eviscerated the case.        

The new video angle showed Chauvin didn't even have his knee on his neck most of the time, it was on his shoulder. You cannot suffocate someone by applying pressure to their shoulder. The prosecutor even changed what he was saying to include shoulder in the description of ""knee on the neck"".       

This case is over, on with the riots.","today, Chauvin, Crowder, prosecutions, witnesses, case, video, angle, his, knee, his, neck, time, it, his, shoulder, You, someone, pressure, their, shoulder, prosecutor, what, he, shoulder, description, knee, neck, case, riots",0.5886363636363636,0.3340909090909091,,"DATE, PERSON"
*rife,rife,0.0,0.0,,
The judge may throw it out after prosecution rests,"judge, it, prosecution",0.0,0.0,,
Get ready for riots.,riots,0.5,0.2,,
"Prosecution:. ""Your Honor, I'd like to introduce Exhibit E, a statement from BLM activist, influencer and model Maya Nichols who said that 'All hell will break loose and buildings will burn' if Chauvin is found not guilty. It is my hope the jury takes this into consideration when deciding upon their verdict.""","BLM, Maya Nichols, Chauvin, Prosecution, Your, Honor, statement, activist, influencer, model, who, hell, buildings, It, my, hope, jury, consideration, their, verdict",0.6346153846153846,0.08653846153846154,,"ORG, PERSON, PERSON"
"&gt; It criminalizes the provision of food and water to voters waiting in line

[Because Democrats were using food and drink to buy votes.](https://www.nationalreview.com/news/dem-abuses-prompted-georgia-voting-laws-food-and-drink-rule/)  
  
Why do you think black people are too stupid to pick up a bottle of water on their way to the poll?","Democrats, gt, It, provision, food, water, voters, line, food, drink, news, dem, abuses, georgia, voting, laws, food, drink, you, people, bottle, water, their, way, poll",0.7166666666666667,-0.4833333333333333,,NORP
And we all know what they're going to use those kids for,"we, what, they, kids",0.0,0.0,,
"You can imagine the fun they would have with this. Some Chinese internet troll tweets ""Doritos are a product of institutional racism"" and gullible American baizuo run with it.","Chinese, Doritos, American, You, fun, they, internet, troll, tweets, product, racism, baizuo, it",0.06666666666666667,0.09999999999999999,,"NORP, PERSON, NORP"
Russia uses it too.,"Russia, it",0.0,0.0,,GPE
It‚Äôs a bad idea. Eat healthy and exercise.,"It, idea, exercise",0.5833333333333333,-0.09999999999999992,,
[deleted],,0.0,0.0,,
"Voting is a right. Poll taxes are unconstitutional. Requiring ID, and not making the ID free is a poll tax. Make it free and I personally have no problem with it.

The Constitution specifically allows the regulation of firearms, and things like driving are not constitutionally guaranteed rights. I think that requiring ID to fly is an infringement on our freedom, and constitutionally questionable. But that is getting off topic.","Constitution, Voting, right, Poll, taxes, poll, tax, it, problem, it, regulation, firearms, things, rights, infringement, our, freedom, topic",0.7226190476190476,0.230952380952381,,LAW
"Obviously. They even have a special word in Mandarin to make fun of woke westerners, Baizuo. 

The Chinese may be our geopolitical adversaries, but they are not stupid.","Mandarin, Baizuo, Chinese, They, word, fun, woke, westerners, our, adversaries, they",0.4542857142857143,0.21142857142857144,,"LANGUAGE, PERSON, NORP"
[removed],,0.0,0.0,,
Yep.,,0.0,0.0,,
And they'll blame it on white supremacists.,"they, it, supremacists",0.0,0.0,,
"Riots are coming no matter how this ends.  Even if the guy is found guilty the eventual punishment won't be harsh enough.  Also of note, Best Buy is finally restocked on large screen TV's.","Best Buy, Riots, guy, punishment, note, screen, TV",0.6547619047619048,0.08571428571428573,,PERSON
We should hold everyone who has encouraged violence after a verdict is reached accountable for inciting insurrection if violence occurs.,"We, everyone, who, violence, verdict, insurrection, violence",0.0,0.0,,
Agreed. There's a difference between trying to erase a person or company from an industry and deciding you won't spend your money at Amazon because they shutdown down Parler. Screw Coca Cola.,"Amazon, Parler, Screw Coca Cola, There, difference, person, company, industry, you, your, money, they",0.2888888888888889,-0.15555555555555559,,"ORG, PERSON, PERSON"
Russia began running this tool since the cold war. Yuri Bezmenov warned us of it in the 80's.,"Russia, the cold war, Yuri Bezmenov, tool, us, it, 's",1.0,-0.6,,"GPE, EVENT, PERSON"
Honestly being a Chinese troll who targets leftists is probably an incredibly fun job. Other than the likely sweatshop work conditions,"Chinese, troll, who, leftists, job, sweatshop, work, conditions",0.495,0.15499999999999997,,NORP
Give it time,"it, time",0.0,0.0,,
Most republicans wont even do this stuff. And most of the time it doesn't do anything anyways. Getting someone in south dakota to give up diet coke because of mlb moving the all star game out of georgia isnt gunna happen. Trump called for a boycott then had a diet coke on his desk. Its just chatter. Because if u boycott coke then wouldn't u have to boycott every business that does business with coke or in some way coke is getting your dollars.,"republicans, stuff, time, it, anything, someone, dakota, diet, coke, mlb, star, game, georgia, gunna, boycott, diet, coke, his, desk, Its, chatter, u, boycott, coke, business, business, coke, way, coke, your, dollars",0.4666666666666666,0.19999999999999998,,NORP
Joe's just trying to retain the undead vote!,"Joe, undead, vote",0.0,0.0,,PERSON
"Not if they're built by democrats, apparently.","democrats, they",0.35,0.05,,NORP
There's no vaccine for crazy.,"There, vaccine",0.9,-0.6,,
You might wanna go google ripe there buddy,"You, buddy",0.0,0.0,,
"Thats right.  When great turdbird hit the scene, she was blabbering about china leading in renewables.  Idiots everywhere cite china's renewables.   They don't exist.  ccp don't work like that.  But sjws cite china against us.  We're too civil.","turdbird, scene, she, china, renewables, china, renewables, They, sjws, china, us, We",0.6952380952380951,0.09523809523809527,,
"If it were trump suggesting vaccine passports and mandatory vaccination, this woman would be up in arms about how nobody needs the vaccine. 

She‚Äôs a shill.","it, trump, vaccine, passports, vaccination, woman, arms, nobody, vaccine, She, shill",0.0,0.0,,
Thank god. The rampant shootings on live persons by armed spectral apparitions was too damn high.,"shootings, persons, apparitions",0.52,0.1481818181818182,,
"I agree with McConnell, keep corporate money out of politics. (Unless they are giving him money secretly)","McConnell, money, politics, they, him, money",0.35,-0.2,,PERSON
Written by a stupid liberal.,liberal,1.0,-0.7999999999999999,,
Sad but true thus is why I think he's going to get some type of sentence unfortunately,"he, type, sentence",0.8833333333333333,-0.21666666666666667,,
0% chance of that happening.,chance,0.0,0.0,,
Law in order is out. Only alleged racial crimes can be prosecuted.,"Law, order, crimes",0.55,-0.05,,
All the defense needs is one person to say not guilty,"one, defense, needs, person",1.0,0.25,,CARDINAL
"&gt; The Constitution specifically allows the regulation of firearms

What part of ""shall not be infringed"" was unclear to you?","Constitution, gt, regulation, firearms, part, you",0.0,0.0,,LAW
These riots could be epic if he‚Äôs found not guilty.,"riots, he",0.7,0.175,,
Convict a guy or have your neighborhood in flames and possibly car robbed at gunpoint.  I think it‚Äôll work sadly.,"guy, your, neighborhood, flames, car, gunpoint, it",1.0,-0.25,,
"Well they control the media and narrative so
I think they will do what they want. The influence they have is too great. Media and big
Tech need to have strict rules based on facts. Ratings be damned. Take the money out of politics its harmful to the country","they, media, narrative, they, what, they, influence, they, Media, Tech, rules, facts, Ratings, money, politics, its, country",0.425,0.4,,
"Given the fact that most, if not all, of those who do not want to get the vaccine would not consider being near this woman does that make her point moot?","fact, who, vaccine, woman, her, point",0.45,0.3,,
These are all excellent and spot on comments!,"spot, comments",1.0,1.0,,
[removed],,0.0,0.0,,
Should be a short investigation.,investigation,0.3,0.0,,
"Yes, what the actual fuck?","what, fuck",0.35,-0.2,,
[removed],,0.0,0.0,,
ID is free in Georgia all you gotta do is go pick it up. So I don‚Äôt know what your argument against the Georgia voting law is based off that information.,"Georgia, Georgia, you, it, what, your, argument, voting, law, information",0.8,0.4,,"GPE, GPE"
[removed],,0.0,0.0,,
"Lol first off I am black. Second off nowhere do I imply stupidity. Your article is questionable at best seeing how Bruce ran unopposed the entire time. Also if you haven‚Äôt voted or lived in Metro Georgia please don‚Äôt speak on what you don‚Äôt know. 

Lines are crazy long here in Georgia. Not to mention the fact people work. People have kids. And most time those kids have to wait with their parents in line to vote. Last time I voted in Georgia it took almost two hours. And I got there early. Now think of all of those people who also got there early, but have obligations like idk... work, kids etc. Even if they got there early and planned things out it‚Äôs still not a guarantee that you will get in and out on time. Compare that to what I stated above where the average wait time after closed polls in non white communities is 51 minutes compared to 6 minutes in white communities. That was by design. 

Now let‚Äôs add making it illegal to had out water and snacks for people (adult and children) waiting in these long lines in this Georgia heat. 

How about we also limit the drop boxes to polling places only where we can conveniently close at 5PM, where most people get off work. Atlanta traffic is horrible btw. Damn... can‚Äôt make it in time to early vote. Which leads to Election Day voting, which leads to the issues I stated above, long ridiculous lines. 

Now let‚Äôs add challenging any voters eligibility to vote. Came to the wrong polling place? Disqualified. Wrong district? Disqualified. New address? Disqualified. Signature doesn‚Äôt match? Disqualified.

Now let‚Äôs sprinkle taking powers away from the SOS if you don‚Äôt like the outcome. 

Yeah this bill is really about voter ID. Georgia went blue. GOP is pissed about it. Texas almost went blue. GOP wants to make sure that doesn‚Äôt happen again. Cant change their unpopular policies so let‚Äôs change the rules huh?","Lol, first, Second, Bruce, Georgia, Georgia, Georgia, almost two hours, 51 minutes, 6 minutes, Georgia, 5PM, Atlanta, Election Day, ‚Äôs, SOS, Georgia, GOP, Texas, GOP, ‚Äôs, stupidity, Your, article, time, you, what, you, Lines, fact, people, People, kids, time, kids, their, parents, line, time, it, people, who, obligations, idk, work, kids, they, things, it, guarantee, you, time, what, time, polls, communities, communities, design, ‚Äôs, it, water, snacks, people, adult, children, lines, heat, we, drop, boxes, places, we, people, work, traffic, it, time, vote, voting, issues, lines, voters, polling, place, district, address, Signature, ‚Äôs, powers, you, outcome, bill, voter, it, their, policies, rules",0.45901968401968407,-0.00034965034965034477,,"PERSON, ORDINAL, ORDINAL, PERSON, GPE, GPE, GPE, TIME, TIME, TIME, GPE, CARDINAL, GPE, DATE, NORP, ORG, GPE, ORG, GPE, ORG, NORP"
[removed],,0.0,0.0,,
"What does this have to do with the former president who tried to politicize a virus he knew was serious?  Give me a break dude, just call out the bullshit instead defending a pedo.","What, president, who, virus, he, break, dude, bullshit, pedo",0.3333333333333333,-0.16666666666666666,,
[removed],,0.0,0.0,,
"Fyi

https://en.m.wikipedia.org/wiki/List_of_Coca-Cola_brands",https://en.m.wikipedia.org/wiki/List_of_Coca-Cola_brands,0.0,0.0,,
If she wasn't obese she would be less at risk.,"she, she, risk",0.06666666666666667,-0.16666666666666666,,
"Electioneering was already illegal, so why is it illegal for me to bring water to my elderly parents who have been waiting in line for hours? 

&gt; Why do you think black people are too stupid to pick up a bottle of water on their way to the poll?

You're neglecting to account for the length of these lines that disproportioning effect inner cities. When we are talking about a 5, 8, or 10 wait to vote in the 70-80 degree weather, it should be expected that most people would need food, water, and/or a bathroom break. By enacting laws that prevents bringing food, water, and holding places in line, this creates an environment that discourages people in inner cities from voting","hours, 8, 10, 70-80 degree, it, water, my, parents, who, line, gt, you, people, bottle, water, their, way, poll, You, account, length, lines, effect, cities, we, weather, it, people, food, water, bathroom, break, laws, food, water, places, line, environment, people, cities",0.4583333333333333,-0.19583333333333336,,"TIME, CARDINAL, CARDINAL, QUANTITY"
I‚Äôm sure the ‚Äúrapper‚Äù more closely reflects the ideals of the Christian faith. Probably a good call. Probably definitely did not get threatened with accusations of racism.,"Christian, rapper, ideals, faith, call, accusations, racism",0.49777777777777776,0.33999999999999997,,NORP
[deleted],,0.0,0.0,,
My Governor will politely tell the president where he can shove that executive order üòÅ,"My, president, he, order",0.0,0.0,,
Biden said antifa isn't real so that has to be the truth.,"Biden, antifa, truth",0.30000000000000004,0.2,,PERSON
"I havent this article but believe it. 

There was a Twitter acct recently that was exposed as fake. They were posting anti-trump, woke and pro CCP posts. They were also twitter verified with only 80 followers ü§î","Twitter, CCP, only 80, article, it, There, acct, They, -, trump, posts, They, twitter, followers, ü§î",0.75,-0.16666666666666666,,"PRODUCT, ORG, CARDINAL"
"Require purchasers of ghost guns to get background checks?

Just how does this work, everyone who buys billet aluminum or an electric drill or drill bits or something has to get a NICS background check?","Require, NICS, purchasers, ghost, guns, background, checks, work, everyone, who, billet, aluminum, drill, bits, something, background, check",0.0,0.0,,"ORG, ORG"
"Yes you are right the left in no way made any attempts ever of politicizing the virus. The left is not in anyway perpetuating that politicization nor is it attempting to put people against one another based on their views on covid or the vaccine. Nor are they pushing vaccine passes and encouraging those with the vaccine to shame those without it. Nope nothing to see here.

Oh and by the way, where did I defend trump?","you, left, way, attempts, virus, left, politicization, it, people, their, views, covid, vaccine, they, vaccine, vaccine, it, nothing, way, trump",0.17857142857142858,0.09523809523809523,,
Bahaha!,Bahaha,0.0,0.0,,PERSON
"&gt; Now let‚Äôs add challenging any voters eligibility to vote. Came to the wrong polling place? Disqualified. Wrong district? Disqualified. New address? Disqualified. Signature doesn‚Äôt match? Disqualified.
  
I coined the term Felix's Law for my observation that as a political discussion grows longer, the probability of a liberal admitting he thinks black people are stupid approaches 1.","‚Äôs, 1, gt, voters, polling, place, district, address, Signature, term, my, observation, discussion, probability, admitting, he, people, approaches",0.683982683982684,-0.19004329004329001,,"NORP, CARDINAL"
"He should just start coming out openly supporting Democrat policies.     

Their heads would explode.        

&gt;""Yes. Hold on, stop talking, let me finish. Vaccine passports are beautiful. It's the best policy everrr! President Biden, he's the best president. A humongous president!""","Democrat, Vaccine, Biden, He, policies, Their, heads, passports, It, policy, everrr, he, president, president",0.4625,0.775,,"NORP, PERSON, PERSON"
"If your elderly parents are too stupid to bring a bottle of water and a sandwich, it's probably for the best that they don't vote.","your, parents, bottle, water, sandwich, it, they",0.65,0.10000000000000003,,
Him covering up paedophile rapists. https://youtu.be/1Su8kTukkEg,"Him, paedophile, rapists, https://youtu.be/1Su8kTukkEg",0.0,0.0,,
I don't know Andrew too well. How do you think he'll be as NY governor?,"you, he, governor",0.0,0.0,,
The government can not ban owning firearms but it can regulate them. Laws regulating firearms have existed just about as long as our nation has existed.,"government, firearms, it, them, Laws, firearms, our, nation",0.4,-0.05,,
"Yeah that's not what Church is or worship of God, you are totally taking that scripture out of context and don't understand its meaning.  It's meaning is to pray for things that are on your heart in private because its 1) no one's business and 2) direct communication between you and the Father.  

This has NOTHING to do with what's going on right now.  Please educate yourself before you start throwing our scriptures","Church, 1, 2, what, worship, you, scripture, context, its, meaning, It, meaning, things, your, heart, its, one, business, communication, you, NOTHING, what, yourself, you, our, scriptures",0.5151785714285714,0.09642857142857142,,"ORG, CARDINAL, CARDINAL"
Conservatives have been passive and defensive for far too long and its never worked. A lot of you are still uncomfortable with the idea of being active and going on the offensive. Get comfortable with being uncomfortable.,"Conservatives, its, lot, you, idea, offensive",0.7999999999999999,-0.11388888888888889,,NORP
"‚ÄúThe rules are different in the courtroom, what once was viable in clown world wont fly anymore. Just facts and that helps the defense.‚Äù

Like Trump found out when his 60 lawsuits for election fraud were shot down in court?","Trump, 60, rules, courtroom, what, world, facts, defense, his, lawsuits, election, fraud, court",0.5962962962962963,0.21481481481481482,,"PERSON, CARDINAL"
So have laws regulating voting.,"laws, voting",0.0,0.0,,
Once again proving that women belong in the kitchen.,"women, kitchen",0.0,0.0,,
So I'm guessing you're living (trapped behind enemy lines) in Illinois like I am?,"Illinois, you, enemy, lines",0.35,-0.30000000000000004,,GPE
Then maybe her stupid ass should stay at home,"her, ass, home",1.0,-0.7999999999999999,,
"&gt;Now let‚Äôs add challenging any voters eligibility to vote. Came to the wrong polling place? Disqualified. Wrong district? Disqualified. New address? Disqualified. Signature doesn‚Äôt match? Disqualified.

As it should be. You are registered to vote in one precinct. One. Its location is on your voter registration card. Go there to vote. Go anywhere else, and it's very likely you're committing voter fraud.","‚Äôs, one, One, voters, polling, place, district, address, Signature, it, You, precinct, Its, location, your, voter, registration, card, it, you, voter, fraud",0.8509090909090908,-0.07272727272727272,,"GPE, CARDINAL, CARDINAL"
It‚Äôs not a blue or red sport. It‚Äôs a boring sport. Baseball games are fun to go to and it‚Äôs good background noise on tv I guess,"It, sport, It, sport, Baseball, games, it, background, noise, tv",0.38,0.0,,
Lee and Jackson would like a few words lol,"Lee, Jackson, words",0.39999999999999997,0.30000000000000004,,"PERSON, PERSON"
"Tired of reporting this thread? [Donate to this charity instead](https://secure.givelively.org/donate/prevent-child-abuse-america/prevent-child-abuse-america/r-conservative). Alternatively, [join us on discord](https://discord.com/invite/conservative)

*I am a bot, and this action was performed automatically. Please [contact the moderators of this subreddit](/message/compose/?to=/r/Conservative) if you have any questions or concerns.*","discord](https://discord.com, thread, charity, donate, prevent, child, abuse, america, prevent, child, abuse, america, r, us, invite, bot, action, moderators, subreddit](/message, you, questions, concerns",0.39999999999999997,-0.15000000000000002,,ORG
"&gt; ""Biden will direct the administration to begin the process of requiring buyers of so-called ghost guns ‚Äî homemade or makeshift firearms that lack serial numbers ‚Äî to undergo background checks, according to three people who have spoken to the White House about the plans.

Lol good luck with that. Background checks for buying an aluminum block?","Biden, three, the White House, Lol, Background, gt, administration, process, buyers, ghost, guns, firearms, numbers, background, checks, people, who, plans, luck, aluminum, block",0.42500000000000004,0.4,,"PERSON, CARDINAL, ORG, PERSON, PERSON"
"You forgot your ""/s"" tag. Non-citizens and underage people aren't supposed to be voting.","You, your, /s, tag, Non, -, citizens, people",0.0,0.0,,
"Prayer is private (but public prayer is common in the New Testament), but church is also praise and that is to be public.","the New Testament, Prayer, prayer, church, praise",0.2925757575757576,-0.03272727272727273,,ORG
I think at this point he is just succumbing to pressure to pass something to do with gun control however ineffective because he knows that anything remotely true to his desired legislation will never pass and if forced through I could honestly see leading to actual succession. This is all so the democrats have another brownie point for their voters that despise guns. See we did something!!!,"democrats, point, he, something, gun, control, he, anything, his, legislation, succession, point, their, voters, guns, we, something",0.4625,0.16249999999999998,,NORP
Exactly.,,0.25,0.25,,
Sorry friend. The free state of Florida. Guns bars jobs and beaches for everyone. Our gov stops by events to drink beers with folks sometimes.,"Florida, friend, state, Guns, jobs, beaches, everyone, Our, gov, events, beers, folks",0.9,-0.04999999999999999,,GPE
"It‚Äôs going to burn either way. Convict and they riot in celebration, acquit and they riot in rage.","It, way, they, celebration, acquit, they, rage",0.0,0.0,,
"Man they are still trying to push the number of Ballot boxes.

THAT WAS A PANDEMIC RESPONSE AND PRIOR TO 2020 THERE WERE ZERO BOXES.

Which also makes their point about the number of mail in ballots ridiculous because Colorado was already moving into more mail in ballots compared to Georgia who got pushed into it for the pandemic. 

SO what makes Colorado FAR EASIER.  Ballots just get sent out in the mail. After you voted once before you dont need to prove who you are. 

And that makes Georgia Jim Crow Era?","Ballot, Colorado, Georgia, Colorado FAR EASIER, Georgia Jim Crow Era, they, number, boxes, THAT, THERE, their, point, number, mail, ballots, mail, ballots, who, it, pandemic, what, Ballots, mail, you, you, who, you",0.625,0.06666666666666668,,"GPE, GPE, GPE, FAC, ORG"
"&gt;You're the one who thinks ""people in urban place""

You are trying to call me racist. 

By ""people in urban places"" I mean cities, the population centers that are far more likely to vote for Democrats.

https://www.loc.gov/item/2012587691/

https://brilliantmaps.com/2016-county-election-map/

The results by total popular vote show that Democrats win. But because Democrats are highly concentrated in urban areas Republicans have the majority in a whole lot of counties.

&gt;are too dumb to bring a bottle of water with them.

There is nothing wrong with giving out stuff, so long as it's not influencing voters. Giving out water to anybody who wants it is very different than trading water for votes or excluding a political party.","Democrats, Democrats, Democrats, Republicans, one, who, people, place, You, people, places, cities, population, centers, https://www.loc.gov/item/2012587691/, results, vote, show, areas, majority, lot, counties, bottle, water, them, There, nothing, stuff, it, voters, water, anybody, who, it, water, votes, party",0.49763888888888896,0.07347222222222222,,"NORP, NORP, NORP, NORP"
[removed],,0.0,0.0,,
He's right. If a known GOP-voter watches MLB the police will kick down the door and arrest them.,"GOP, MLB, He, voter, watches, police, door, them",0.27486772486772487,0.026719576719576702,,"ORG, ORG"
"https://www.google.com/amp/s/www.politico.com/amp/news/2021/04/07/andrew-giuliani-new-york-gubernatorial-run-479692

Nope",,0.0,0.0,,
"Bee always buries the lead.       

&gt;If the bill passes, Democrats assure people that something like President Trump winning -- or any other Republican winning -- will never happen again. There are some concerns that the bill could be ruled unconstitutional, but Democrats say that would only happen if people interpret the Constitution as ‚Äúsome sort of document with words that actually mean things.‚Äù","Bee, Democrats, Trump, Republican, Democrats, Constitution, lead, bill, people, something, winning, There, concerns, bill, people, sort, document, words, things",0.7125,0.1125,,"ORG, NORP, PERSON, NORP, NORP, LAW"
Crack head logic,"Crack, head, logic",0.0,0.0,,ORG
[deleted],,0.0,0.0,,
"None of them went to court. Judges refused to hear them... big difference. Nobody was brave enough to overturn an ‚Äòelection‚Äô that had already been called by the Media- hence the rush to declare Biden the winner in the middle of the night after they figured out how many votes they needed. You honestly believe Biden won Georgia? How many states had issues where they stopped counting on election night?- How many of those states did Biden end up ‚Äòwinning‚Äô?

You‚Äôre not paying attention are you?","Biden, the middle of the night, Biden, Georgia, Biden, None, them, court, Judges, them, difference, Nobody, election, rush, winner, they, votes, they, You, states, issues, they, election, night?-, states, You, attention, you",0.5277777777777778,0.37777777777777777,,"PERSON, TIME, PERSON, GPE, PERSON"
Part of me is pretty excited to watch a few liberal city's burn down from my dirt road.,"Part, city, burn, my, dirt, road",0.5347222222222222,0.0673611111111111,,
[deleted],,0.0,0.0,,
I can confirm I see no lies.,lies,0.0,0.0,,
[deleted],,0.0,0.0,,
"Part of me hopes all this shit is true.

If we have another case of them covering a hit piece with 100x more airtime than them covering the inevitable unfolding of that story, I might just explode.

The media has no credibility at this point and it‚Äôs pathetic to see that so many Americans still fail to recognize they are nothing but a partisan arm of the Democratic Party.","Americans, the Democratic Party, Part, shit, we, case, them, piece, 100x, airtime, them, unfolding, story, media, credibility, point, it, they, nothing, arm",0.6785714285714286,-0.05000000000000001,,"NORP, ORG"
"&gt; pass something

An executive order isn't ""passing something."" It's the exact opposite. It's bypassing congress.","gt, something, order, something, It, opposite, It, congress",0.125,0.125,,
"""Go to Amazon and buy a spine..."" just made my day.","Amazon, spine, my, day",0.0,0.0,,ORG
WOLOLO,WOLOLO,0.0,0.0,,ORG
Sheep,Sheep,0.0,0.0,,
"""All I mean is that Ballas have brains [..] they watch the news, they're making friends, cutting deals and tooling for more than half-assed drive-bys"" - Frank Tenpenny","Ballas, more than half, brains, they, news, they, friends, deals, tooling, drive, bys",0.6958333333333333,-0.13749999999999998,,"ORG, CARDINAL"
"I agree, I misspoke.",,0.0,0.0,,
I have never heard of this conference.,conference,0.0,0.0,,
"Good talk, way to address what I said with an understanding of the situation outside your nuanced worldview.","talk, way, what, understanding, situation, your, worldview",0.32500000000000007,0.35,,
"The ""argument"" is to compare Georgia and Colorado. In Colorado a utility bill is good enough ID. Georgia's ID card requires more than a utility bill to get.

https://www.sos.state.co.us/pubs/elections/vote/acceptableFormsOfID.html

https://dds.georgia.gov/voter-id","Georgia, Colorado, Colorado, Georgia, argument, utility, bill, card, utility, bill",0.5333333333333333,0.39999999999999997,,"GPE, GPE, GPE, GPE"
"Pretty telling that there wasn‚Äôt enough evidence to even merit a hearing. Trumps lawyers knew it and didn‚Äôt want to be embarrassed, or worse, in court when they couldn‚Äôt produce even a shred of evidence to back up their accusations. Many of the judges that dismissed these fraudulent cases were appointed by Trump himself. Btw bigfoot doesn‚Äôt exist either...","Trumps, Trump, there, evidence, hearing, lawyers, it, court, they, shred, evidence, their, accusations, judges, cases, himself, bigfoot",0.52,0.06999999999999999,,"PERSON, PERSON"
Somehow this woman is more annoying than Hillary and Kamala.,"Hillary, Kamala, woman",0.7,-0.15000000000000002,,"PERSON, GPE"
[deleted],,0.0,0.0,,
Let‚Äôs remind viewers. Non of this is law.,"‚Äôs, viewers, law",0.0,0.0,,
"Sadly most of the ""middle"" class can't afford to own property now anyway","class, property",0.5,0.3666666666666667,,
Why is this cow still relevant?,cow,0.5333333333333333,0.13333333333333336,,
We need to find a way to export our college professors and media personalities (can‚Äôt call them journalists anymore) to China. Call it a cultural exchange program for peace.,"China, We, way, our, college, professors, media, personalities, them, journalists, it, exchange, program, peace",0.1,0.1,,GPE
The end goal is to eliminate the middle class and return to serfdom.,"end, goal, class, serfdom",0.0,0.0,,
Sad,,1.0,-0.5,,
Be nice if he joined opposition to voter fraud 6 months ago,"6 months ago, he, opposition, fraud",1.0,0.6,,DATE
"and the blame would fall squarely on the media for not accurately reporting what has actually been happening in the court room. I'm no police apologist, but the prosecution is not making a compelling case at all, and even when i think they are scoring points, the defense steamrolls them on cross. Once Nelson gets to go on offense and present his case, its going to be a bloodbath. This prosecution team seems not to be prepared at all.","Nelson, blame, media, what, court, room, police, apologist, prosecution, case, they, points, defense, them, cross, offense, his, case, its, bloodbath, prosecution, team",0.2666666666666667,0.01999999999999999,,PERSON
"Save money,  just use the barbed wire topped fencing and soldiers surrounding the capital.  They are only there as protection from the selfie brigade.","money, wire, fencing, soldiers, capital, They, protection, selfie, brigade",1.0,0.0,,
"So by this police chiefs logic why do we bother holding murders responsible for their crimes anymore?  Why would we bother to
Hold the domestic abuser responsible or for beating his wife?  You can‚Äôt take back the physical, mental, or emotional trauma the wife suffered so what‚Äôs the point? 

This police chief is opening a can of worms and if this keeps up law and order will go further out the window.","police, chiefs, logic, we, murders, their, crimes, we, abuser, his, wife, You, trauma, wife, what, ‚Äôs, point, police, chief, can, worms, law, order, window",0.3366071428571429,0.037500000000000006,,
I think you shouldn‚Äôt be able to vote without a valid I d. Georgia literally gives them out for free. All you gotta do is go to the dmv and they‚Äôll give you one.,"Georgia, you, them, you, dmv, they, you",0.7125,0.45,,GPE
It‚Äôs a good thing not a lot people want to be near her in the first place.,"first, It, thing, lot, people, her, place",0.4444444444444444,0.3499999999999999,,ORDINAL
That is a part of this bill,"part, bill",0.0,0.0,,
[removed],,0.0,0.0,,
Maternity leave is already paid through disability,"Maternity, leave, disability",0.0,0.0,,
11,11,0.0,0.0,,CARDINAL
That is true,,0.65,0.35,,
I've never seen anyone fall up the stairs so bigly. Absolutely incredible!,"anyone, stairs",0.9,1.0,,
I can't like this enough.  AoE was the best.,AoE,0.4,0.5,,ORG
This is such an asinine statement. Of course it won‚Äôt bring back someone‚Äôs loved one. That‚Äôs not the point. The point is punishment of the crime committed and to make sure the person doesn‚Äôt have the freedom to kill another person,"statement, it, someone, point, point, punishment, crime, person, freedom, person",0.5472222222222223,0.3,,
Ahhh the OG democrats. Not much different except the OGs didnt even try to veil their racism.,"OG, democrats, OGs, their, racism",0.6,0.0,,"ORG, NORP"
"Lmao, well everyone there worshipping has made a risk assesment to attend. If you're scared YOU can fuckin stay home.","everyone, risk, assesment, you, YOU, fuckin",1.0,0.6,,
"He's a troll. His responses are designed to get a rise, not honestly discuss this.","He, troll, His, responses, rise",0.9,-0.3,,
"Lol I voted trump 2016 fool. Yeah I‚Äôm liberal. I‚Äôm a independent. And people like yourself and the Republican freshman class are driving independents away from the party. 

Q me out","Lol, 2016, Republican, trump, fool, people, yourself, freshman, class, independents, party",0.4125,0.4,,"PERSON, DATE, NORP"
"It's not as serious as it's made to be, it's still killed less than smoking and way less than heart disease in the same year after millions contracted it. I don't see sugar or cigarettes being banned.","the same year, millions, It, it, it, smoking, way, heart, disease, it, sugar, cigarettes",0.185,-0.1733333333333333,,"DATE, CARDINAL"
Sadly no. Real news is more and more like satire lately. He has the last name to get votes though,"news, satire, He, name, votes",0.3933333333333333,0.12000000000000002,,
"These guys want to worship before everyone is vaccinated, they don't care if people die. They don't want to help and serve the sick, they just want to go into a building and say words in front of others.  You obviously voted for him.","guys, everyone, they, people, They, sick, they, building, words, front, others, You, him",0.6785714285714286,-0.35714285714285715,,
"They were all thrown out on procedure and standing, had nothing to do with evidence because nobody would touch it. That‚Äôs the part that‚Äôs telling- There‚Äôs plenty of evidence, his lawyers went to every state legislature involved in stopping the vote count but nobody would do anything because it had already been ‚Äòcalled‚Äô for Biden. How do you not see the conspiracy here? You believe what the television tells you? 

You screamed ‚ÄòRussia‚Äô for four years yet somehow this election was flawless? Go put on three masks and get out of here.","‚Äô for Biden, four years, three, They, procedure, standing, nothing, evidence, nobody, it, part, There, plenty, evidence, his, lawyers, state, legislature, vote, count, nobody, anything, it, you, conspiracy, You, what, television, you, You, election, masks",1.0,1.0,,"WORK_OF_ART, DATE, CARDINAL"
If you purchase Patagonia from this point on you ARE part of the problem,"Patagonia, you, point, you, part, problem",0.0,0.0,,GPE
I wanna move to Florida so badly. But I'm worried hell be gone in 2024 to run for pres and also the weather down there is so awful.,"Florida, 2024, hell, pres, weather",0.6518518518518518,-0.6185185185185185,,"GPE, DATE"
"‚ÄúAlways voluntary‚Äù unless you want to work, or go outside home, or do anything freedom allows.","you, home, anything, freedom",0.05,0.0,,
What's wrong with Andrew Guiliani? Why is everyone upset by this?,"Andrew Guiliani, What, everyone",0.9,-0.5,,PERSON
[removed],,0.0,0.0,,
Justice is ***not supposed to*** bring the dead back to life.,"Justice, life",0.2,-0.1,,
"‚Äú... rapper Jason ""Propaganda"" Petty, who is fiercely critical of Ng√¥, has said he spoke with Qideas President Gabe Lyons about the speech.‚Äù  So, a guy self proclaimed as Propaganda, convinces a theological group that a speech yet to be given would be against their moral beliefs? WTAF kind of world are we in now?","Jason ""Propaganda"" Petty, Ng√¥, Gabe Lyons, Propaganda, who, he, speech, guy, self, group, speech, their, beliefs, kind, world, we",0.43,0.07999999999999999,,"PERSON, ORG, PERSON, ORG"
"That does not change what I said. It's a non-response at best, trolling at worst.","what, It, -, response",0.65,0.0,,
"Liberals and the media will only accept a guilty verdict. Otherwise cities will burn, and they'll go after him another way.","Liberals, media, verdict, cities, they, him, way",1.0,-0.25,,
"&gt;Pretty telling that there wasn‚Äôt enough evidence to even merit a hearing

No, again your understanding is superficial. The cases were dropped on procedural grounds, the reason and precedent being ""it was too late to change anything.""  In other words, if the court took the time to hear the case, even if they decided in Trumps favor, there could be no reversal. Thus hearing the case would be an exercise in futility.

Please dont fill the gaps in your understanding with convenient assumptions that back your preconceived notions.","Trumps, there, evidence, hearing, your, understanding, cases, grounds, reason, precedent, it, anything, words, court, time, case, they, favor, there, reversal, case, exercise, futility, gaps, your, understanding, assumptions, your, notions",0.36875,-0.10625,,PERSON
I'm not saying that voting should be unregulated.,voting,0.0,0.0,,
"I have two predictions


1: not guilty and the left will say it's a demonstration of the deep racism and white supremacy within America because a murderer cop went free.

2:two, guilty and the left will say it's proof of the deep racism and white supremacy within the police and America.","two, 1, America, 2, two, America, predictions, left, it, demonstration, racism, supremacy, murderer, cop, left, it, proof, racism, supremacy, police",0.4,0.01666666666666667,,"CARDINAL, CARDINAL, GPE, CARDINAL, CARDINAL, GPE"
"Baseball used to be a wonderful sport, before politics started perverting it.","Baseball, sport, politics, it",1.0,1.0,,
"also all you need to get an id in Georgia is an out of state I d, or documents showing you legally live in the country and state of Georgia.","Georgia, Georgia, you, d, out, state, d, documents, you, country, state",0.5,0.13636363636363635,,"GPE, GPE"
Then they're doing a hell of a job.,"they, hell, job",0.0,0.0,,
"Wasn't 60, non of them went to court, you can't sure without damages lol..

Also his lawsuits were not even about fraud, they were about constitutional violations. Would you like another spoonful of msm horse manure though?","60, them, court, you, damages, his, lawsuits, fraud, they, violations, you, msm, horse, manure",0.7944444444444444,0.65,,CARDINAL
"The problem is that obtaining the documents required to get an ID is more difficult than you would expect. Years ago my girlfriend at the time work at the Department of Child Services and she would frequently help her kids get an ID as they approached the 16-18 year old range. The problem is that if their parents did not keep or have their birth certificate and ssn, it is an actual nightmare to get those documents required to bring to the DMV. Even children who have been in DCS their entire lives and have the help a state employee by their side have trouble obtaining these documents. Blame that on their parents or state government incompetence as you will, but nevertheless it is much more difficult than just going to the DMV.","Years ago, the Department of Child Services, 16-18 year old, DMV, DMV, problem, documents, you, my, girlfriend, time, work, she, her, kids, ID, they, range, problem, their, parents, their, birth, certificate, it, nightmare, documents, children, who, their, lives, help, state, employee, their, side, trouble, documents, their, parents, state, government, incompetence, you, it",0.49166666666666675,0.0,,"DATE, ORG, DATE, ORG, ORG"
All according to the script.,script,0.0,0.0,,
"I know Ngo is extremely critical of blm/antifa, maybe the conference was afraid of the potential controversy","blm, antifa, conference, controversy",0.9,-0.19999999999999998,,
https://youtu.be/eXWhbUUE4ko,,0.0,0.0,,
[removed],,0.0,0.0,,
More like Defending Genocide,Defending Genocide,0.5,0.5,,PERSON
Biden‚Äôs America,Biden‚Äôs,0.0,0.0,,ORG
The retired assistant to Gaetz himself said that the claims against him are made up and false.,"Gaetz, assistant, himself, claims, him",0.6,-0.4000000000000001,,PERSON
"Since Arabs and Asians contributed a lot to mathematical theory, isn‚Äôt criticizing/changing math racist?","Arabs, Asians, lot, theory, math, racist",0.0,0.0,,"NORP, NORP"
"Yes you did.  You called showing ID a ""poll tax.""  If that's the case then showing ID - let alone a background check - is a clear violation of my right to bear arms.","you, You, poll, tax, case, background, check, violation, my, right, arms",0.4595238095238095,0.19285714285714287,,
"When did I scream Russia?  And I will stay here as long as I choose. The bottom line is Chump lost, get on with your life old man","Russia, Chump, line, your, life, man",0.30000000000000004,0.025,,"GPE, PERSON"
Bad faith arguments don't deserve much more than sarcasm.,"faith, arguments, sarcasm",0.5833333333333333,-0.09999999999999992,,
BLM won‚Äôt be happy unless they get to behead Chauvin in a public square,"BLM, Chauvin, they, square",0.5333333333333333,0.4,,"ORG, PERSON"
[removed],,0.0,0.0,,
"I had to watch ABC World News Tonight last night and the bullshit they were slinging about this case is incredible. If all you heard about this trial came from the MSM, you going to have the major shocked Pikachu face when they acquit him. That right there is what causes riots.","ABC World News, Tonight last night, MSM, Pikachu, bullshit, they, case, you, trial, you, face, they, him, there, what, riots",0.5604761904761905,0.10964285714285715,,"ORG, TIME, ORG, GPE"
"&gt; Yes you did. You called showing ID a ""poll tax.""

No I said requiring ID, and not making the ID free is a poll tax. Make it free and I personally have no problem with it.","gt, you, You, poll, tax, poll, tax, it, problem, it",0.6333333333333334,0.26666666666666666,,
"All our adversaries view our racial/ethnic/religious diversity as a weakness to exploit.  And they are just doing that, by creating all sorts of artificial problems to get us bickering and getting us divided more and more.

Meanwhile, just watch how our adversaries treat their own minimal diversity (hint, by persecution) and how openly racist they are in general.

Meanwhile, we have to listen to morons on a daily basis about how America is the worst racist and unjust country in the industrialized world.  As someone who has been in other countries long enough to experience daily life, I cannot begin to explain how moronic it all sounds.","daily, America, daily, our, adversaries, our, diversity, weakness, they, sorts, problems, us, us, our, adversaries, their, diversity, hint, persecution, they, we, morons, basis, country, world, someone, who, countries, life, it",0.5625,-0.0732142857142857,,"DATE, GPE, DATE"
Statistic proof isn't a thing,"Statistic, proof, thing",0.0,0.0,,
"option 3. jury votes guilty, judge overrides it, and holy shitsnacks grab some popcorn.","3, option, jury, votes, judge, it, shitsnacks, popcorn",1.0,-0.5,,CARDINAL
"Chump lost. One termer. At least he made THAT small list. Im glad he crawled back under the rock from which he crawled. He lost to a senile, career bum. Lmao","Chump, One, termer, he, list, he, rock, he, He, senile, career, bum",0.5599999999999999,0.10999999999999999,,"ORG, CARDINAL"
NEVER.,,0.0,0.0,,
"Problem is, America looses out no matter how this shitshow ends:

Acquittal via multiple jurors voting not guilty: Everybody is a racist. Rioting.

Acquittal via a single juror voting not guilty: ""See, all it takes is for one rotten racist to spoil the bunch."" Double down on racism and more riots.

They find him guilty: Validation, nonstop media coverage, a continuation of this line of race-centric thinking which will only get worse. Total demoralization. Probably riots too, why not.

Hung jury: Racism is preventing ""justice."" RIOTS.","America, one, Hung, Problem, shitshow, jurors, Everybody, racist, Rioting, juror, it, racist, bunch, racism, riots, They, him, Validation, media, coverage, continuation, line, race, centric, thinking, demoralization, riots, jury, Racism, justice",0.5775613275613275,-0.011544011544011544,,"GPE, CARDINAL, PERSON"
"She is vaccinated...why is she worried about someone that isn‚Äôt, being near her?  How is her privacy invaded?  This line of thinking is crazy.","She, she, someone, her, her, privacy, line, thinking",0.65,-0.25,,
Well duh!,,0.6,-0.375,,
I would respond if I knew what the hell you were saying...spell much?,"what, hell, you",0.2,0.2,,
because no matter what he says he is a liar.,"what, he, he, liar",0.0,0.0,,
Anyone that can sit through that whole video deserves a fucking trophy.,"Anyone, video, trophy",0.6000000000000001,-0.19999999999999998,,
Where is proof that it‚Äôs false? I‚Äôm waiting for some strong proof,"proof, it, proof",0.6666666666666666,0.016666666666666607,,
"While it‚Äôs clear they don‚Äôt all condone this behavior, I‚Äôm sure that too many liberals will see nothing wrong with this. Or will still find a way to spin it against DeSantis and the other Florida officials.","DeSantis, Florida, it, they, behavior, liberals, nothing, way, it, officials",0.6094444444444445,0.09500000000000001,,"PRODUCT, GPE"
That still wouldn‚Äôt be enough.,,0.5,0.0,,
[removed],,0.0,0.0,,
Since when does that stop us from prosecuting people for crimes?,"us, people, crimes",0.0,0.0,,
"[Oops!](https://dds.georgia.gov/identification-cards-fees)  
  
Georgia ID Card for Voting Purposes Only (NOTE: Must provide proof of valid voter registration)	8 Years	No Fee When Qualified","Georgia ID Card for Voting Purposes Only, Qualified, Oops!](https://dds.georgia.gov, identification, cards, fees, NOTE, proof, voter, registration, Years",1.0,0.0,,"ORG, PERSON"
Trump really living in your head rent free. Try to keep your comments relevant to the topic.,"Trump, your, head, rent, your, comments, topic",0.6333333333333333,0.3333333333333333,,
"$50 it gets banned from YouTube, and maybe from the other big social media platforms too","50, YouTube, it, media, platforms",0.18055555555555555,-0.030555555555555558,,"MONEY, ORG"
"The one remaining is Officer Sicknick, whose results are pending.

But we already know that the whole fire extinguisher story was false and it appears he died of a stroke the next day.","one, Officer Sicknick, the next day, results, we, fire, extinguisher, story, it, he, stroke",0.3333333333333333,-0.0666666666666667,,"CARDINAL, PERSON, DATE"
So that's how the rest of Bidens infrastructure plan will be spent. Rebuilding cities after commie riots.,"Bidens, rest, infrastructure, plan, cities, commie, riots",0.1,-0.1,,GPE
"Sometimes the legislature creates bodies to make rules directed by the executive that are enforced with the legislature's authority by the executive.

So no it isn't law, but if it gets through rule making in one of those bodies, it won't matter since breaking the rules is in itself against the law.","one, legislature, bodies, rules, executive, legislature, authority, executive, it, law, it, rule, making, bodies, it, rules, itself, law",0.0,0.0,,CARDINAL
What is that thing?,"What, thing",0.0,0.0,,
What if they play the black national anthem and jump on cop cars during it?,"What, they, anthem, cop, cars, it",0.43333333333333335,-0.16666666666666666,,
Better russian than a democrat amirite?  Did you ever clean the crap off the walls you smeared in Congress?,"russian, democrat, Congress, amirite, you, crap, walls, you",0.5,0.016666666666666663,,"NORP, NORP, ORG"
I‚Äôm honestly not 100% on the constitutionality of something like this.,"%, constitutionality, something",0.9,-0.3,,
[removed],,0.0,0.0,,
"We get it dude, you‚Äôre not very smart","We, it, dude, you",0.4945054945054945,-0.0824175824175824,,
"Just means only criminals will have ghost guns, right?","criminals, ghost, guns",0.7678571428571428,0.14285714285714285,,
what the fuck is a ghost gun lmao,"what, fuck, ghost, gun, lmao",0.8,0.09999999999999998,,
Same,,0.125,0.0,,
"Sure, such PR works great with ""hipster"" dumbasses who pay $129 for garbage pants that cost $4 to manufacture by slave labor in China and that are very similar to pants Costco sells for $21.","129, 4, China, Costco, 21, PR, dumbasses, who, garbage, pants, slave, labor, pants",0.6647222222222222,0.325,,"MONEY, MONEY, GPE, ORG, MONEY"
Can he do this,he,0.0,0.0,,
#hell yes,,0.0,0.0,,
"The debt is out of control. It's beyond just cutting entitlements, so yeah that means a tax hike.","debt, control, It, entitlements, tax, hike",0.9,-0.6,,
Lmao,,1.0,0.6,,
"Damn, Babylon Bee. Look at you and your... wait a minute...

What the shit is this????","Babylon Bee, a minute, you, your, What, shit",0.8,-0.2,,"PERSON, TIME"
"I‚Äôm okay with this. To be honest, too many actual ‚Äúmedia‚Äù or ‚Äújournalism‚Äù entities are flooding social media...which then defeats the purpose of it being social media. I wish more larger media enterprises would walk away from social media. 

The point of social media was never to create a one stop shop of 100,000 bullshit ‚Äúmedia‚Äù outlets shoving articles in our face. It was to have a social network to communicate and connect with other people. 

Actual media and journalism have overwhelmed social media with negativity, divisive content, false pretenses, and slanderous commentary. And too many articles are opinion based articles hidden under the pretenses of being an unbiased article based on factual evidence.","one, 100,000, media, journalism, entities, media, purpose, it, media, media, enterprises, media, point, media, stop, shop, media, outlets, articles, our, face, It, network, people, media, journalism, media, negativity, content, pretenses, commentary, articles, opinion, articles, pretenses, article, evidence",0.31225490196078437,0.12401960784313723,,"CARDINAL, CARDINAL"
"Dreadful article. How does Europe have ""massive censorship""?","Europe, article, censorship",1.0,-0.5,,LOC
[deleted],,0.0,0.0,,
"&gt;Now let‚Äôs add making it illegal to had out water and snacks for people (adult and children) waiting in these long lines in this Georgia heat. 

It's not hot in November.","‚Äôs, Georgia, November, it, water, snacks, people, adult, children, lines, heat, It",0.5125000000000001,-0.14375,,"GPE, GPE, DATE"
Non of this is law thankfully fuck him and his orders,"law, him, his, orders",0.6,-0.4,,
"*Dollar. 

It‚Äôs copy and paste...","Dollar, It",0.0,0.0,,
It doesn't work. It'll make the Dems feel good though!,"Dems, It, It",0.6000000000000001,0.875,,NORP
"Given that even MTG is dumping Gaetz, probably something behind it.  Heck he already admitted to dating someone under age on Tucker, which is a bit hard to get around.","MTG, Gaetz, Tucker, something, it, he, someone, age, bit",0.6208333333333333,-0.3458333333333333,,"ORG, PERSON, PERSON"
"Your wording was technically incorrect, but I think we all agree with the overall point you were making.","Your, wording, we, point, you",0.05,0.0,,
"Because I think you are stupid and you have bad ideas I voted for trump. You are just proving my original point. You will go to your grave claiming everything bad that ever happened to you is something to do with trump or a trump supporter. You are sick in the head and I suggest you stop watching the news and social media for a while, for your own health.","you, you, ideas, trump, You, my, point, You, your, grave, everything, you, something, trump, trump, supporter, You, head, you, news, media, while, your, health",0.7153061224489796,-0.27227891156462586,,
But I thought only dictators rule by executive order.,"dictators, order",1.0,0.0,,
"Really, guilty until proven innocent? The allegations are specious and there is no foundation to them.","allegations, there, foundation, them",0.85,0.0,,
"With the actions of sanctuary cities, I would say yes.","actions, cities",0.0,0.0,,
"I'm not the only one who's noticed that CCPers online used to make fun of the woke and call them stupid, but a few years ago they got an update and now stay silent or agree with them on everything","CCPers, a few years ago, who, fun, woke, them, they, update, them, everything",0.4800000000000001,-0.13999999999999999,,"ORG, DATE"
"When you have no credibility, it is hard to have even less than none","you, credibility, it, none",0.30416666666666664,-0.22916666666666669,,
"I don't live in Georgia, but good for them. More states should follow.","Georgia, them, states",0.5333333333333333,0.4454545454545455,,GPE
30,30,0.0,0.0,,CARDINAL
"No way, equally maybe...",way,0.25,0.0,,
They won‚Äôt be happy until white peoples are enslaved.,"They, peoples",0.5,0.4,,
"And if they did, democrats would just call it a ""myth"".","democrats, they, it, myth",0.0,0.0,,NORP
"Great, says the guy with TB, but vaccinated for the COVID.  Gimme a kiss.","TB, guy, kiss",0.75,0.8,,ORG
This still does not void the claim because for him to ask the white house he does not have to ask Trump directly.,"Trump, claim, him, house, he",0.2,0.05,,PERSON
this is actually pretty f'd up if you ask me. they had it in for trump from day one.,"day one, you, they, it, trump",1.0,0.25,,DATE
[deleted],,0.0,0.0,,
That is fucked.,,0.7,-0.6,,
Theres no such thing as gun control laws. What part of shall not be infringed do these people not understand?,"There, thing, gun, control, laws, part, people",0.5,0.0,,
"***DID THE MOB EFFECTIVELY KILL FLOYD?***

The irony there would be on another level.","irony, there, level",0.8,0.6,,
"&gt;Yeah like Gym Jordan. Those kids where Antifa plants!!

 Wow eye dint now dis","Gym Jordan, Antifa, kids, eye, dint, dis",1.0,0.1,,"PERSON, NORP"
[removed],,0.0,0.0,,
Kiss 3/5ths of my ass,"3/5ths, my, ass",0.0,0.0,,
"Last I checked, honestly, the number of homemade ar-15 or similar weapons used in criminal acts outside of poaching was.....zero","zero, number, homemade, ar-15, weapons, acts, poaching",0.39333333333333337,0.039999999999999994,,CARDINAL
Not surprised seeing as most celebrities are immature heathens anyways.,"seeing, celebrities, heathens",0.7,0.225,,
I personally don't care what biden says.,"what, biden",0.3,0.0,,
[removed],,0.0,0.0,,
[removed],,0.0,0.0,,
Strong disagree. Hot during day. Cooler when sun goes down.,"day, sun",0.6240740740740741,0.17592592592592593,,
Overpriced!!!!,,0.0,0.0,,
"Dont have anything because you got intelectually eviscerated? Easy, just change the subject. Lol","anything, you, subject, Lol",0.6222222222222222,0.3555555555555556,,
"Spending is out of control. We don‚Äôt need a tax hike, we need a spending diet.","Spending, control, We, tax, hike, we, spending, diet",0.0,0.0,,
It's (D)ifferent,"It, D)ifferent",0.0,0.0,,
It literally is in court,"It, court",0.0,0.0,,
"The Russians have been upfront about how easy it is to lure Americans into internal struggles by simply playing the race card . It‚Äôs literally in the foundations of geopolitics. Anyone who is aware of that book can see that all this racial divide is surely hyped up from outside forces. Hell, one of the riots in Chicago last year were in response to a completely fake story[of a 15 year old being murdered by police ](https://www.wbez.org/stories/chicago-police-returned-fire-during-mag-mile-looting/30106c2b-71af-445d-bcee-c17d71b599e2) . The problem is that even though that was totally ridiculous , violent and based on lies you still have members of BLM [supporting it ](https://www.nbcchicago.com/news/local/black-lives-matter-holds-rally-supporting-individuals-arrested-in-chicago-looting-monday/2320365/)  and in fact defending the riots and looting.  Those who are blind to this or take any critical response to the BLM movement as immediately racist and subsequently dismissed are a large part of the problem. Americans are easily manipulated this is no lie. Social
Media has made it so easy for anonymous figures to spark emotions with a few hot button titles and distorted imagery.","Russians, Americans, Chicago, last year, 15 year old, BLM, BLM, Americans, Social
Media, it, struggles, race, card, It, foundations, geopolitics, Anyone, who, book, divide, forces, riots, response, story[of, police, problem, lies, you, members, it, fact, riots, looting, who, response, movement, part, problem, lie, it, figures, emotions, button, titles, imagery",0.5011715797430083,0.02687074829931973,,"NORP, NORP, GPE, DATE, DATE, ORG, ORG, NORP, ORG"
What did Heathens do to you?,"Heathens, What, you",0.0,0.0,,PERSON
Where's the proof it's true? The burden of proof is on the accuser. Smh.,"proof, it, burden, proof, accuser, Smh",0.65,0.35,,
At least I am smart enough to spell intellectually correctly unlike yourself...you‚Äôre making yourself look foolish bro,"yourself, you‚Äôre, yourself, bro",0.48571428571428577,0.05357142857142857,,
"Absolutely. 

I‚Äôm liberal-leaning, and ‚Äúcanceling‚Äù people for terrible things they did or said in the past kills me. It‚Äôs so counterproductive. So we want people to learn &amp; grow, but they can still go to hell after they‚Äôve learned &amp; grew, removing any motivation to do so.

Like the Teen Vogue editor getting fired for her college tweets. If she currently posting offensive things, that‚Äôs one thing. But saying ‚Äúall the growth you did since being a teenager means nothing cuz you posted racist nonsense in college.‚Äù","Teen Vogue, people, things, they, past, It, we, people, they, hell, they, amp, motivation, editor, her, college, tweets, she, things, thing, growth, you, teenager, nothing, you, nonsense, college",0.51,-0.21000000000000002,,GPE
"You do know Trump did everything he was supposed to do about commie cough, right?","Trump, You, everything, he, commie, cough",0.5357142857142857,0.2857142857142857,,PERSON
"You could have not been a baby and worn a mask for a month, but you liked gobblin up the shit trump fed you.","a month, You, baby, mask, you, gobblin, shit, trump, you",0.8,0.19999999999999998,,DATE
"They should be hung not deported. POS served 2 1/2 years and was released? 
Part and parcel apparently.","2 1/2 years, They, Part, parcel",0.35,0.05,,DATE
,nan,,,,nan
