Body,Date_Created_Utc,Id,Parent_id,Link,Score,created,Mentioned Nouns,Sentiment-Subjectivity,Sentiment-Polarization,Hate Speech Level
[removed],1617942008.0,gtw8sfv,t3_mn5tbh,/r/Conservative/comments/mn5tbh/remember_this_you_are_actively_trying_to_diminish/gtw8sfv/,1.0,1617956408.0,,0.0,0.0,
"While he has never tried to retract the statement, Jordan did say that it was made in jest. Based upon the life he has lived, I don't take Jordan as an overly political person and just wanted to live his life and play basketball.",1617941990.0,gtw8rdn,t1_gtvliga,/r/Conservative/comments/mn1c1w/poll_americans_disagree_with_corporate/gtw8rdn/,1.0,1617956390.0,"statement, t1_gtvliga, jest, life, person, basketball",0.3,0.06818181818181818,
This is a race baiting politicization of a medical agency. If equality through equity was the goal the CDC would have tied this initiative to economic status instead of racial identity.,1617941988.0,gtw8rb1,t3_mn7x06,/r/Conservative/comments/mn7x06/cdc_director_declares_racism_a_serious_public/gtw8rb1/,2.0,1617956388.0,"race, politicization, agency, equality, equity, goal, t3_mn7x06, initiative, status, identity",0.1,0.1,
Yes take the tin foil off,1617941982.0,gtw8qwx,t1_gtskqc2,/r/Conservative/comments/mksdx6/supreme_court_justice_clarence_thomas_says_social/gtw8qwx/,1.0,1617956382.0,"tin, foil",0.0,0.0,
this is top tier depression on display.,1617941978.0,gtw8qo4,t1_gtw3q73,/r/Conservative/comments/mmvokn/return_to_normal_texas_announces_they_will_go/gtw8qo4/,1.0,1617956378.0,"tier, depression, display",0.5,0.5,
[removed],1617941974.0,gtw8qgv,t1_gtvv9th,/r/Conservative/comments/mn516g/institutional_racism/gtw8qgv/,1.0,1617956374.0,,0.0,0.0,
"Ok, great, so now what will happen? 
I doubt Wray and the FBI will be bringing charges &amp; neither will the DOJ. Can a private person or Judicial Watch,  Tom Fenton bring charges? I feel that no one will ever face justice if they are a Democrat. Hillary and her family never did.",1617941957.0,gtw8pkg,t3_mn7szo,/r/Conservative/comments/mn7szo/hunter_biden_finally_brought_down/gtw8pkg/,1.0,1617956357.0,"t3_mn7szo, charges, amp, person, one, justice, family",0.5416666666666666,0.43333333333333335,
"Read this article:

https://www.newsweek.com/matt-gaetz-scandal-resignation-calls-1580635

This article is exactly what I‚Äôm talking about. It‚Äôs a bunch of accusations from neoconservative, never-Trump republicans and democrats. They cite ‚Äúanonymous sources‚Äù for some of those accusations.

Their other citations include links to other news articles from NYT or AP that contain nothing other than his connection to someone else who is under investigation. Those citations don‚Äôt contain anything other than speculation.

Then the remainder of the article is calls resign.

Not a single thing in that article mentions dates, times, names, places, nothing. Not even the name of investigators or personnel from the DOJ  working on this were mentioned. This article is quite clearly authored with the intent of convincing the reader of certain belief, rather than presenting facts and information, because they don‚Äôt have any.",1617941931.0,gtw8o6o,t1_gtw4257,/r/Conservative/comments/mn6m37/another_top_aide_to_matt_gaetz_quits_as_scandal/gtw8o6o/,2.0,1617956331.0,"article, https://www.newsweek.com/matt-gaetz-scandal-resignation-calls-1580635, bunch, accusations, Trump, republicans, democrats, sources, citations, links, news, articles, t1_gtw4257, connection, investigation, speculation, remainder, calls, thing, dates, times, names, places, name, investigators, personnel, intent, reader, belief, facts, information",0.43544973544973536,0.06666666666666667,
"&gt;	It still wouldn‚Äôt be a ‚Äúright‚Äù, if that‚Äôs what you‚Äôre asking

No, that is not what I asked. I asked very plainly and in good faith, setting aside the ‚Äúright‚Äù status for a moment (this is not central to my argument), how you would describe the differences between taxes paying for health care and taxes paying for other public services.",1617941919.0,gtw8nh4,t1_gtvhqr6,/r/Conservative/comments/mmcw5g/its_official_of_the_5_who_died_at_january_6th/gtw8nh4/,1.0,1617956319.0,"gt, right, faith, status, moment, argument, differences, taxes, health, care, services",0.40391156462585037,0.12397959183673468,
"I agree with all of that, I'm talking about that 1 executive order,by Biden attempting to to disarm law abiding citizens, no other.",1617941916.0,gtw8nae,t1_gtkyxp8,/r/Conservative/comments/ml0gmi/president_biden_should_be_impeached_for_opening/gtw8nae/,1.0,1617956316.0,"order, t1_gtkyxp8, law, citizens",0.375,0.0625,
Why do you think everyone calls her heals up harris?,1617941908.0,gtw8mtm,t1_gtv8ahj,/r/Conservative/comments/mmv19p/kalama_harris_still_searching_for_the_right/gtw8mtm/,-2.0,1617956308.0,"heals, harris",0.0,0.0,
[removed],1617941898.0,gtw8mat,t1_gtw1yf5,/r/Conservative/comments/mn516g/institutional_racism/gtw8mat/,1.0,1617956298.0,,0.0,0.0,
"His latest Joe Rogan podcast was suuuuper disappointing. I kinda just realized this is a guy who has no idea what he is talking about or why. 
And the red flag laws were endorsed by him so, hard pass. Neocons are on their way out.",1617941897.0,gtw8m6w,t1_gtw24hx,/r/Conservative/comments/mn1cof/former_president_donald_j_trump_endorses_senator/gtw8m6w/,2.0,1617956297.0,"t1_gtw24hx, podcast, suuuuper, guy, idea, flag, laws, pass, Neocons, way",0.5354166666666667,-0.09791666666666667,
It‚Äôs not like he‚Äôs fucking underage girls and in congress right now.  Oh wait.,1617941886.0,gtw8lm2,t1_gtv1nc4,/r/Conservative/comments/mn1rzq/confirmed_the_laptop_belongs_to_hunter_bidenand/gtw8lm2/,3.0,1617956286.0,"girls, congress",0.6678571428571429,-0.15714285714285714,
"I don‚Äôt have a permit although I aced the Hunter safety course. What scares me is that the more information our government has about our gun ownership, the more likely they will have the information to remove guns. And there are many who support removing all guns. 

Why not try actually holding people to the gun laws that actually exist. Punish those breaking the law and leave the rest of us alone?",1617941872.0,gtw8kuf,t1_gtw5qr6,/r/Conservative/comments/mn49ht/gov_bill_lee_signs_permitless_carry_bill_into_law/gtw8kuf/,2.0,1617956272.0,"permit, t1_gtw5qr6, safety, course, information, government, gun, ownership, guns, people, laws, law, rest",0.45,0.25,
[removed],1617941866.0,gtw8kh6,t3_mn061d,/r/Conservative/comments/mn061d/videos_insurrection_underway_in_iowa_as_blm/gtw8kh6/,1.0,1617956266.0,,0.0,0.0,
[removed],1617941847.0,gtw8jg1,t1_gtw0veg,/r/Conservative/comments/mn516g/institutional_racism/gtw8jg1/,1.0,1617956247.0,,0.0,0.0,
After a black man killed 5 white people. Daily dose of your leftist double standard.,1617941833.0,gtw8imq,t3_mn9cjd,/r/Conservative/comments/mn9cjd/i_got_permanently_banned_from_rnfl_for_commenting/gtw8imq/,1.0,1617956233.0,"man, people, t3_mn9cjd, dose, standard",0.1476190476190476,-0.05952380952380953,
[removed],1617941831.0,gtw8ijl,t3_mmotda,/r/Conservative/comments/mmotda/biden_poll_numbers_sink_as_admin_refuses_to/gtw8ijl/,1.0,1617956231.0,,0.0,0.0,
I fucking saw someone running outside by themselves wearing a mask.. in 85 degree weather... by themselves.......,1617941816.0,gtw8hok,t1_gtw1x99,/r/Conservative/comments/mn837x/the_biden_admin_holds_500000_contest_to_improve/gtw8hok/,2.0,1617956216.0,"mask, degree, weather",0.42500000000000004,-0.3,
[removed],1617941814.0,gtw8hk5,t1_gtvwm0e,/r/Conservative/comments/mn516g/institutional_racism/gtw8hk5/,1.0,1617956214.0,,0.0,0.0,
[removed],1617941802.0,gtw8gxi,t1_gtvviqg,/r/Conservative/comments/mn516g/institutional_racism/gtw8gxi/,1.0,1617956202.0,,0.0,0.0,
[removed],1617941785.0,gtw8fxy,t1_gtvy5v8,/r/Conservative/comments/mn6m37/another_top_aide_to_matt_gaetz_quits_as_scandal/gtw8fxy/,1.0,1617956185.0,,0.0,0.0,
Texas loves it‚Äôs second amendment t,1617941774.0,gtw8fdm,t3_mn98z7,/r/Conservative/comments/mn98z7/gov_abbott_says_its_time_to_make_texas_a_2nd/gtw8fdm/,5.0,1617956174.0,"t3_mn98z7, amendment, t",0.0,0.0,
"‚ÄúYou don‚Äôt need 30 stairs, buy a stoop!‚Äù",1617941735.0,gtw8d7z,t3_mn6o9k,/r/Conservative/comments/mn6o9k/biden_bans_highcapacity_assault_stairs/gtw8d7z/,1.0,1617956135.0,"stairs, stoop",0.0,0.0,
Man...literally the only reason I came in here was to crack this joke.,1617941706.0,gtw8bmd,t1_gtvwdvw,/r/Conservative/comments/mn5wkt/wyoming_governor_signs_bill_requiring_voter_id_at/gtw8bmd/,1.0,1617956106.0,"Man, reason, joke",1.0,0.0,
What positive things are you referring to re: covid?,1617941700.0,gtw8ban,t1_gtvv5x2,/r/Conservative/comments/mmu2wx/ron_desantis_dyes_hair_gets_spray_tan_in/gtw8ban/,1.0,1617956100.0,things,0.5454545454545454,0.22727272727272727,
"Hold on though. Wouldn't that have meant the TCJA should have *created* 1 million jobs? I don't recall seeing that study, in fact job creation was fairly steady IIRC",1617941690.0,gtw8apx,t3_mn1h07,/r/Conservative/comments/mn1h07/bidens_corporate_tax_hike_could_kill_1000000_us/gtw8apx/,1.0,1617956090.0,"t3_mn1h07, jobs, study, fact, job, creation",0.5,0.16666666666666666,
[removed],1617941664.0,gtw8994,t1_gtw110y,/r/Conservative/comments/mn516g/institutional_racism/gtw8994/,1.0,1617956064.0,,0.0,0.0,
Hillary would like a word about the accuracy of political polling.,1617941652.0,gtw88ko,t1_gtw1nc6,/r/Conservative/comments/mn5tbh/remember_this_you_are_actively_trying_to_diminish/gtw88ko/,1.0,1617956052.0,"t1_gtw1nc6, word, accuracy, polling",0.1,0.0,
[deleted],1617941648.0,gtw88d1,t1_gtv3sdh,/r/Conservative/comments/mmxamz/alex_jones_stops_vehicle_after_seeing_driver_put/gtw88d1/,1.0,1617956048.0,,0.0,0.0,
What a pos.,1617941624.0,gtw86zx,t3_mn7zwf,/r/Conservative/comments/mn7zwf/senator_manchin_voices_approval_of_president/gtw86zx/,3.0,1617956024.0,pos,0.0,0.0,
[removed],1617941595.0,gtw85b2,t3_mn3xzc,/r/Conservative/comments/mn3xzc/republicans_warn_now_they_want_to_take_your_guns/gtw85b2/,1.0,1617955995.0,,0.0,0.0,
[removed],1617941578.0,gtw84cw,t1_gtw0f4s,/r/Conservative/comments/mn516g/institutional_racism/gtw84cw/,1.0,1617955978.0,,0.0,0.0,
[removed],1617941572.0,gtw841t,t1_gtte22g,/r/Conservative/comments/mmotda/biden_poll_numbers_sink_as_admin_refuses_to/gtw841t/,1.0,1617955972.0,,0.0,0.0,
[removed],1617941571.0,gtw83zl,t3_mn7xyk,/r/Conservative/comments/mn7xyk/unborn_babies_disguise_selves_as_death_row/gtw83zl/,1.0,1617955971.0,,0.0,0.0,
So I can open a hospital for whatever group I want too? Ok. I am opening a hospital for only rich people who pay cash up front for estimated costs. No refunds.,1617941554.0,gtw832v,t3_mn1aff,/r/Conservative/comments/mn1aff/boston_hospital_will_offer_preferential_care/gtw832v/,1.0,1617955954.0,"hospital, group, people, cash, front, costs, refunds",0.75,0.125,
I got videos of the earth being flat too.,1617941550.0,gtw82uq,t1_gtw6iji,/r/Conservative/comments/mmwo6e/pennsylvania_forced_to_remove_21000_dead_people/gtw82uq/,4.0,1617955950.0,"videos, earth",0.125,-0.025,
"True, a black nationalist racist just attacked the capitol.",1617941546.0,gtw82o2,t3_mn7x06,/r/Conservative/comments/mn7x06/cdc_director_declares_racism_a_serious_public/gtw82o2/,3.0,1617955946.0,"racist, capitol",0.5416666666666667,0.09166666666666666,
[removed],1617941535.0,gtw821z,t3_mn5tbh,/r/Conservative/comments/mn5tbh/remember_this_you_are_actively_trying_to_diminish/gtw821z/,1.0,1617955935.0,,0.0,0.0,
[removed],1617941535.0,gtw821v,t1_gtue27s,/r/Conservative/comments/mmww0v/biden_on_the_second_amendment_no_amendment_is/gtw821v/,1.0,1617955935.0,,0.0,0.0,
[removed],1617941534.0,gtw81zs,t1_gtvu8lg,/r/Conservative/comments/mn516g/institutional_racism/gtw81zs/,1.0,1617955934.0,,0.0,0.0,
But let's make it harder to vote. Them Redneck Republicans are smart ones.,1617941523.0,gtw81d8,t3_mn25sj,/r/Conservative/comments/mn25sj/permits_wont_be_needed_to_carry_handguns_in/gtw81d8/,1.0,1617955923.0,"t3_mn25sj, ones",0.32142857142857145,0.057142857142857134,
"I'm in Australia and we now have virtually zero restrictions, and still on occasion I see someone driving alone with a mask and really have to wonder why.",1617941507.0,gtw80gt,t1_gtw1x99,/r/Conservative/comments/mn837x/the_biden_admin_holds_500000_contest_to_improve/gtw80gt/,3.0,1617955907.0,"t1_gtw1x99, restrictions, occasion, mask",0.2,0.2,
"You don‚Äôt go into the press sec job for any POTUS expecting no criticism. 

Just like I wouldn‚Äôt go into sucking shit out of port a Johns and expect to not get dirty",1617941497.0,gtw7zxr,t1_gtw3ev7,/r/Conservative/comments/mn6093/psaki_spins_like_a_top_after_reporter_asks_why/gtw7zxr/,1.0,1617955897.0,"press, sec, job, t1_gtw3ev7, criticism, shit, port",0.7333333333333334,-0.3,
[removed],1617941497.0,gtw7zxn,t1_gttxrnz,/r/Conservative/comments/mmur7z/ben_shapiro_warns_media_are_paving_the_way_for/gtw7zxn/,1.0,1617955897.0,,0.0,0.0,
"Take your time instead of repeating yourself,I‚Äôm done with this argument just give me something so I know how right you are",1617941454.0,gtw7xfc,t1_gtw7bh1,/r/Conservative/comments/mlfi4i/blm_activist_maya_echols_warns_all_hell_will/gtw7xfc/,1.0,1617955854.0,"time, t1_gtw7bh1, argument",0.5357142857142857,0.2857142857142857,
[removed],1617941423.0,gtw7vq7,t3_mmsthi,/r/Conservative/comments/mmsthi/idaho_becomes_fourth_state_to_ban_vaccine/gtw7vq7/,1.0,1617955823.0,,0.0,0.0,
"You‚Äôre not wrong. 

Be careful though, say that too loud and Biden will send the new AFT after you!!!!!",1617941414.0,gtw7v98,t1_gtw7sm4,/r/Conservative/comments/mn6093/psaki_spins_like_a_top_after_reporter_asks_why/gtw7v98/,4.0,1617955814.0,"t1_gtw7sm4, AFT",0.7886363636363637,0.1665371981534091,
[removed],1617941411.0,gtw7v2s,t1_gtvwlyh,/r/Conservative/comments/mmxw5z/herschel_walker_corporations_and_voter_id_critics/gtw7v2s/,1.0,1617955811.0,,0.0,0.0,
"That was low.

I love it üòÇ",1617941408.0,gtw7uuy,t1_gtvydxv,/r/Conservative/comments/mmvokn/return_to_normal_texas_announces_they_will_go/gtw7uuy/,1.0,1617955808.0,,0.44999999999999996,0.25,
"After the 2008 crash when they saw the ‚Äúwe are the 99%‚Äù movement they realized they really need to ramp up polarizing us against each other and that‚Äôs exactly what they did, it worked PERFECTLY. 

No one focuses on the elites anymore, they focus on the 50% of every day people who don‚Äôt vote they way they did.",1617941401.0,gtw7uha,t1_gtvwfif,/r/Conservative/comments/mn516g/institutional_racism/gtw7uha/,9.0,1617955801.0,"crash, %, movement, t1_gtvwfif, one, elites, day, people, way",0.45625,-0.04375,
[removed],1617941394.0,gtw7u1z,t1_gtw05tf,/r/Conservative/comments/mn516g/institutional_racism/gtw7u1z/,1.0,1617955794.0,,0.0,0.0,
[removed],1617941378.0,gtw7t6l,t1_gtvz8vv,/r/Conservative/comments/mn516g/institutional_racism/gtw7t6l/,1.0,1617955778.0,,0.0,0.0,
And gave $10B to companies with Trump ties when he was in office.,1617941374.0,gtw7sy3,t3_mmswph,/r/Conservative/comments/mmswph/ice_gave_87m_nobid_contract_to_business_with/gtw7sy3/,1.0,1617955774.0,"companies, t3_mmswph, ties, office",0.0,0.0,
Lol this sub had no problem believing the accusations against Biden,1617941371.0,gtw7ssd,t1_gtvx1o6,/r/Conservative/comments/mn6m37/another_top_aide_to_matt_gaetz_quits_as_scandal/gtw7ssd/,-1.0,1617955771.0,"sub, problem, accusations, t1_gtvx1o6",0.7,0.8,
[removed],1617941370.0,gtw7spy,t1_gtw1akv,/r/Conservative/comments/mn516g/institutional_racism/gtw7spy/,1.0,1617955770.0,,0.0,0.0,
"My son keeps trying to tell me they‚Äôre letting women be doctors now, too.  A bunch of hippie baloney, that‚Äôs what is it!",1617941369.0,gtw7sni,t3_mmv19p,/r/Conservative/comments/mmv19p/kalama_harris_still_searching_for_the_right/gtw7sni/,3.0,1617955769.0,"son, women, doctors, bunch, hippie, baloney",0.0,0.0,
But she kind of fits this administration.,1617941368.0,gtw7sm4,t1_gtvnx98,/r/Conservative/comments/mn6093/psaki_spins_like_a_top_after_reporter_asks_why/gtw7sm4/,5.0,1617955768.0,administration,0.9,0.6,
[removed],1617941332.0,gtw7qke,t1_gtw0vdr,/r/Conservative/comments/mn516g/institutional_racism/gtw7qke/,1.0,1617955732.0,,0.0,0.0,
"Man...are you going to be angry and confused when this trial ends.  Don't worry though, you certainly will not be alone. 

I highly recommend you look at the entirety of the case before drawing such premature and absolutist opinions.   If you are this invested in things going one way and not the other... your vision of reality may become very clouded.",1617941322.0,gtw7q0n,t1_gtvxgya,/r/Conservative/comments/mn6tec/pulmonologist_testifies_in_derek_chauvin_trial/gtw7q0n/,2.0,1617955722.0,"Man, trial, entirety, case, opinions, things, way, vision, reality",0.5694897959183673,-0.06438775510204081,
Liberals are the result of dumbing down our educational system.,1617941322.0,gtw7pz6,t3_mn44ne,/r/Conservative/comments/mn44ne/biden_made_more_false_comments_about_guns_jen/gtw7pz6/,1.0,1617955722.0,"Liberals, result, system",0.2694444444444445,0.04722222222222221,
[removed],1617941309.0,gtw7p9p,t3_mn516g,/r/Conservative/comments/mn516g/institutional_racism/gtw7p9p/,1.0,1617955709.0,,0.0,0.0,
[removed],1617941306.0,gtw7p43,t1_gtvzwc0,/r/Conservative/comments/mn516g/institutional_racism/gtw7p43/,1.0,1617955706.0,,0.0,0.0,
[removed],1617941259.0,gtw7mgx,t1_gtvonc8,/r/Conservative/comments/mmur7z/ben_shapiro_warns_media_are_paving_the_way_for/gtw7mgx/,1.0,1617955659.0,,0.0,0.0,
[removed],1617941258.0,gtw7mem,t1_gtuva9v,/r/Conservative/comments/mmur7z/ben_shapiro_warns_media_are_paving_the_way_for/gtw7mem/,1.0,1617955658.0,,0.0,0.0,
[removed],1617941256.0,gtw7mbr,t1_gtutvnv,/r/Conservative/comments/mmur7z/ben_shapiro_warns_media_are_paving_the_way_for/gtw7mbr/,1.0,1617955656.0,,0.0,0.0,
"""Earth shattering"" says Chicken Little.",1617941250.0,gtw7lzh,t3_mmv12z,/r/Conservative/comments/mmv12z/breaking_michigan_removes_177000_voters_from/gtw7lzh/,1.0,1617955650.0,"Earth, shattering, t3_mmv12z",0.725,-0.39375,
okay? is this supposed to bother me?,1617941245.0,gtw7lok,t1_gtvz4y9,/r/Conservative/comments/mmwcp5/pompeo_no_american_should_participate_in_the_2022/gtw7lok/,1.0,1617955645.0,,0.5,0.5,
"Those poor jurors are fucked.  Their names will come out at some point and then the BLM terrorists will stalk, harass, maim or kill at least some of them after Chauvin is either acquitted or convicted of manslaughter.  No way the murder charges stick.  

Media circus trials should be banned.  Way too much hype and spectacle for a trial that should be based on laws, facts, and logic instead of politics, threats and emotion.",1617941244.0,gtw7lne,t1_gttqf3h,/r/Conservative/comments/mmur7z/ben_shapiro_warns_media_are_paving_the_way_for/gtw7lne/,1.0,1617955644.0,"jurors, names, point, t1_gttqf3h, terrorists, harass, maim, manslaughter, way, murder, charges, Media, circus, trials, Way, hype, spectacle, trial, laws, facts, logic, politics, threats, emotion",0.4749999999999999,-0.275,
A two-year-old speech of hers where she sort of sounds like she's adopted an affected southern accent.,1617941244.0,gtw7lm0,t1_gtuh6bb,/r/Conservative/comments/mmpqho/ocasiocortez_suddenly_shifts_to_speaking_like_jar/gtw7lm0/,1.0,1617955644.0,"year, speech, sounds, accent",0.0,0.0,
[removed],1617941241.0,gtw7lfq,t3_mn516g,/r/Conservative/comments/mn516g/institutional_racism/gtw7lfq/,1.0,1617955641.0,,0.0,0.0,
[removed],1617941234.0,gtw7l1y,t1_gtvzuv2,/r/Conservative/comments/mn516g/institutional_racism/gtw7l1y/,1.0,1617955634.0,,0.0,0.0,
[removed],1617941225.0,gtw7kk6,t1_gtvukdi,/r/Conservative/comments/mn516g/institutional_racism/gtw7kk6/,1.0,1617955625.0,,0.0,0.0,
i didnt say there should be different restrictions you did. your right but there is atleast an argument to be made.,1617941225.0,gtw7kj0,t1_gtvzrz5,/r/Conservative/comments/mmwcp5/pompeo_no_american_should_participate_in_the_2022/gtw7kj0/,1.0,1617955625.0,"restrictions, right, argument",0.5678571428571428,0.14285714285714285,
No offense intended but why would you suggest something that the liberal media would probably enjoy?,1617941223.0,gtw7kg1,t1_gtve08u,/r/Conservative/comments/mn39h6/confirmed_the_laptop_belongs_to_hunter_bidenand/gtw7kg1/,2.0,1617955623.0,"offense, media",0.5,0.4,
[removed],1617941222.0,gtw7kcj,t1_gtvvil7,/r/Conservative/comments/mn516g/institutional_racism/gtw7kcj/,1.0,1617955622.0,,0.0,0.0,
[removed],1617941219.0,gtw7k6j,t1_gtvlka6,/r/Conservative/comments/mn516g/institutional_racism/gtw7k6j/,1.0,1617955619.0,,0.0,0.0,
[removed],1617941208.0,gtw7jir,t3_mmur7z,/r/Conservative/comments/mmur7z/ben_shapiro_warns_media_are_paving_the_way_for/gtw7jir/,1.0,1617955608.0,,0.0,0.0,
[removed],1617941194.0,gtw7iqv,t1_gtvviqg,/r/Conservative/comments/mn516g/institutional_racism/gtw7iqv/,1.0,1617955594.0,,0.0,0.0,
Well thank god we do. Ever since Covid started Europe‚Äôs been clowning us non stop and now they‚Äôre under unlimited lockdowns,1617941191.0,gtw7ijw,t1_gtvgx1y,/r/Conservative/comments/mn3p79/joe_sternberg_uk_is_an_example_of_hysteria_as_it/gtw7ijw/,2.0,1617955591.0,"t1_gtvgx1y, stop, lockdowns",0.0,0.0,
The company is a non-profit,1617941188.0,gtw7ier,t1_gtukoob,/r/Conservative/comments/mmswph/ice_gave_87m_nobid_contract_to_business_with/gtw7ier/,0.0,1617955588.0,company,0.0,0.0,
"I do work in the social media marketing space and there‚Äôs a really low probability that it‚Äôs him. Just like all the other politicians and most entertainers have social media managers and don‚Äôt post themselves. It‚Äôs also unlikely that Trump is up late at night clipping together campaign videos on Adobe Premiere.

A business person would know to hire out in areas where you know an expert would be beneficial. Companies hire social media managers all the time and there are a lot of metrics that can be tracked via Twitter Insights.

I remember seeing a tweetstorm in the rDT account. It was a bunch of different ideas within a few minutes. 2nd amendment, abortion, border wall, etc. Each one was being tracked by social media managers to find out what demographic is interested in what messages to better craft the campaign.

This is a public image of a very public individual.  Anyone in that position would outsource that work.

There are a number of articles about Dan Scavino‚Äôs role in the social media campaigns.  I‚Äôm pretty confident it is all him. 

https://www.npr.org/2018/04/19/603904858/who-is-the-mystery-man-behind-realdonaldtrump-besides-the-president",1617941188.0,gtw7idk,t1_gtvzpoe,/r/Conservative/comments/mmu2wx/ron_desantis_dyes_hair_gets_spray_tan_in/gtw7idk/,1.0,1617955588.0,"media, marketing, space, probability, politicians, entertainers, managers, Trump, night, campaign, videos, t1_gtvzpoe, business, person, areas, expert, Companies, time, lot, metrics, tweetstorm, account, bunch, ideas, minutes, amendment, abortion, border, wall, one, messages, image, individual, position, work, number, articles, role, campaigns",0.33475,0.05208333333333333,
"Hold on here. The ""Biden tie"" is that a member of his transition team is on the board of the **non-profit** that got the contract.",1617941141.0,gtw7fr3,t3_mmswph,/r/Conservative/comments/mmswph/ice_gave_87m_nobid_contract_to_business_with/gtw7fr3/,0.0,1617955541.0,"t3_mmswph, tie, member, transition, team, board, contract",0.0,0.0,
"Again, I agree. But how many times in your life do you get an ID? This is a good way to remove excuses to not implement voter ID laws, and will harden up the process from cheating, which we all want.",1617941134.0,gtw7fbp,t1_gtvw2ce,/r/Conservative/comments/mmxw5z/herschel_walker_corporations_and_voter_id_critics/gtw7fbp/,1.0,1617955534.0,"times, life, t1_gtvw2ce, way, excuses, voter, laws, process, cheating",0.55,0.6,
Fuck off. Y'all is something a bunch of people use. I'm Texan and use it.,1617941110.0,gtw7dwy,t1_gtuyky4,/r/Conservative/comments/mmq72q/nancy_pelosi_personally_rents_office_space_to_a/gtw7dwy/,1.0,1617955510.0,"t1_gtuyky4, bunch, people",0.6,-0.4,
[removed],1617941107.0,gtw7dr7,t1_gtvwfif,/r/Conservative/comments/mn516g/institutional_racism/gtw7dr7/,1.0,1617955507.0,,0.0,0.0,
"For some reason, people fear being called a racist more than they fear anything else. No matter who is doing the calling or why. It could be some midget with an IQ of 20 making the accusation. Doesn't matter.",1617941104.0,gtw7dkw,t3_mn8gk1,/r/Conservative/comments/mn8gk1/the_death_of_courage_even_as_they_exert_more/gtw7dkw/,1.0,1617955504.0,"reason, people, racist, calling, midget, IQ, accusation",0.5,0.5,
[removed],1617941083.0,gtw7cbo,t3_mn516g,/r/Conservative/comments/mn516g/institutional_racism/gtw7cbo/,1.0,1617955483.0,,0.0,0.0,
Charges for what?,1617941082.0,gtw7c8q,t1_gtuwu4s,/r/Conservative/comments/mn1rzq/confirmed_the_laptop_belongs_to_hunter_bidenand/gtw7c8q/,0.0,1617955482.0,Charges,0.0,0.0,
Literally cannot tell if this sub is sarcasm. Didn't the same thing happen in January? Except it was trump supporters?,1617941080.0,gtw7c5j,t1_gtvbw0h,/r/Conservative/comments/mn46o0/blm_insurrectionists_clash_with_troopers_inside/gtw7c5j/,-2.0,1617955480.0,"sub, sarcasm, thing, t1_gtvbw0h, trump, supporters",0.125,0.0,
[removed],1617941072.0,gtw7bm4,t3_mn516g,/r/Conservative/comments/mn516g/institutional_racism/gtw7bm4/,1.0,1617955472.0,,0.0,0.0,
I dont need to provide you any evidence. It's not my fault you're invested in denying reality. And it's also not my fault you cant atand by your own words. I have the fortitude of character to not post or say things I don't stand by. I wish you had that strength of character as well. You should work on that.,1617941069.0,gtw7bh1,t1_gtw61zv,/r/Conservative/comments/mlfi4i/blm_activist_maya_echols_warns_all_hell_will/gtw7bh1/,1.0,1617955469.0,"evidence, fault, reality, words, fortitude, character, things, strength",1.0,0.6,
Absolutely! Anti everyone who‚Äôs not black racism is out of control. Watching old tv shows and movies shows just how far we‚Äôve fallen thanks to the racist Divider in Chief Barack Hussein Obama.,1617941064.0,gtw7b4y,t3_mn7x06,/r/Conservative/comments/mn7x06/cdc_director_declares_racism_a_serious_public/gtw7b4y/,2.0,1617955464.0,"racism, control, tv, shows, movies, thanks, t3_mn7x06",0.5466666666666666,0.14666666666666667,
"I don‚Äôt know who actually won in 2020 and would not claim that I do know. My doubts were not created by anything Trump said but by the Democrats fighting against oversight. If the votes were legitimate, then a deep-dive investigation would only support this. Why did so many fight against this oversight?",1617941062.0,gtw7b1l,t1_gtw1woi,/r/Conservative/comments/mn5tbh/remember_this_you_are_actively_trying_to_diminish/gtw7b1l/,1.0,1617955462.0,"doubts, t1_gtw1woi, oversight, votes, dive, investigation",0.5333333333333333,0.16666666666666666,
[removed],1617941043.0,gtw79z3,t1_gtvzxu2,/r/Conservative/comments/mn516g/institutional_racism/gtw79z3/,1.0,1617955443.0,,0.0,0.0,
"Oh... you significantly underestimate how powerful a pussy cat can be...

meow",1617941024.0,gtw78va,t1_gtu5u4m,/r/Conservative/comments/mmp072/gops_mccarthy_says_vp_harris_should_attend_fbicia/gtw78va/,1.0,1617955424.0,"cat, meow",0.9375,0.3375,
"Apology not accepted. Please come collect your commies, they are scaring the children.",1617941014.0,gtw78ba,t1_gtw5kzu,/r/Conservative/comments/mn8d0e/study_san_francisco_residents_abandoning_city_in/gtw78ba/,3.0,1617955414.0,"Apology, commies, children",0.0,0.0,
[removed],1617940996.0,gtw779c,t1_gtupzm9,/r/Conservative/comments/mn061d/videos_insurrection_underway_in_iowa_as_blm/gtw779c/,1.0,1617955396.0,,0.0,0.0,
[removed],1617940975.0,gtw7621,t3_mmur7z,/r/Conservative/comments/mmur7z/ben_shapiro_warns_media_are_paving_the_way_for/gtw7621/,1.0,1617955375.0,nan,,,
